context	ref	alt	methylation_level	mu	DS_AG_bin	DS_AL_bin	DS_DG_bin	DS_DL_bin	variant_count	singleton_count
AAA	A	C	0	1.8303e-09	0	3	0	4	1	0
AAA	A	C	0	1.8303e-09	0	3	1	3	4	2
AAA	A	C	0	1.8303e-09	0	3	2	3	2	0
AAA	A	C	0	1.8303e-09	0	3	3	3	2	1
AAA	A	C	0	1.8303e-09	0	3	6	3	1	1
AAA	A	C	0	1.8303e-09	0	4	0	3	3	1
AAA	A	C	0	1.8303e-09	1	3	0	3	7	4
AAA	A	C	0	1.8303e-09	1	3	6	3	1	0
AAA	A	C	0	1.8303e-09	1	4	0	3	1	1
AAA	A	C	0	1.8303e-09	2	3	0	3	4	3
AAA	A	C	0	1.8303e-09	3	3	0	3	2	2
AAA	A	C	0	1.8303e-09	4	3	0	3	1	1
AAA	A	C	0	1.8303e-09	NA	NA	NA	NA	28184	15579
AAA	A	G	0	3.0288e-09	0	3	0	3	1	0
AAA	A	G	0	3.0288e-09	0	3	0	4	1	1
AAA	A	G	0	3.0288e-09	0	3	1	3	14	5
AAA	A	G	0	3.0288e-09	0	3	2	3	5	3
AAA	A	G	0	3.0288e-09	0	3	3	3	1	1
AAA	A	G	0	3.0288e-09	0	3	4	3	1	0
AAA	A	G	0	3.0288e-09	0	4	0	3	1	1
AAA	A	G	0	3.0288e-09	1	3	0	3	23	13
AAA	A	G	0	3.0288e-09	1	3	1	3	7	4
AAA	A	G	0	3.0288e-09	1	3	2	3	1	1
AAA	A	G	0	3.0288e-09	1	3	3	3	1	1
AAA	A	G	0	3.0288e-09	1	4	0	3	1	1
AAA	A	G	0	3.0288e-09	2	3	0	3	15	6
AAA	A	G	0	3.0288e-09	2	3	1	3	2	2
AAA	A	G	0	3.0288e-09	3	3	0	3	14	5
AAA	A	G	0	3.0288e-09	3	3	1	3	1	0
AAA	A	G	0	3.0288e-09	3	3	2	3	1	1
AAA	A	G	0	3.0288e-09	4	3	0	3	9	4
AAA	A	G	0	3.0288e-09	5	3	0	3	6	2
AAA	A	G	0	3.0288e-09	6	3	0	3	7	5
AAA	A	G	0	3.0288e-09	9	3	0	3	2	2
AAA	A	G	0	3.0288e-09	9	8	0	3	2	1
AAA	A	G	0	3.0288e-09	9	9	0	3	1	1
AAA	A	G	0	3.0288e-09	NA	NA	NA	NA	48350	26733
AAA	A	T	0	1.0670e-09	0	3	0	3	1	0
AAA	A	T	0	1.0670e-09	0	3	0	4	1	0
AAA	A	T	0	1.0670e-09	0	3	1	3	1	1
AAA	A	T	0	1.0670e-09	0	3	2	3	1	1
AAA	A	T	0	1.0670e-09	0	5	0	3	2	2
AAA	A	T	0	1.0670e-09	0	8	0	3	1	1
AAA	A	T	0	1.0670e-09	1	3	0	3	2	1
AAA	A	T	0	1.0670e-09	1	3	1	3	1	1
AAA	A	T	0	1.0670e-09	2	3	0	3	2	2
AAA	A	T	0	1.0670e-09	3	3	0	3	2	2
AAA	A	T	0	1.0670e-09	4	3	0	3	1	0
AAA	A	T	0	1.0670e-09	5	3	5	3	1	0
AAA	A	T	0	1.0670e-09	NA	NA	NA	NA	16234	8912
AAC	A	C	0	1.3911e-09	0	3	0	4	1	1
AAC	A	C	0	1.3911e-09	0	3	1	3	10	5
AAC	A	C	0	1.3911e-09	0	3	1	8	1	0
AAC	A	C	0	1.3911e-09	0	3	2	3	3	2
AAC	A	C	0	1.3911e-09	0	3	3	3	4	3
AAC	A	C	0	1.3911e-09	0	3	4	3	1	1
AAC	A	C	0	1.3911e-09	0	3	6	3	5	3
AAC	A	C	0	1.3911e-09	0	3	9	3	1	0
AAC	A	C	0	1.3911e-09	0	6	0	3	1	0
AAC	A	C	0	1.3911e-09	1	3	0	3	2	1
AAC	A	C	0	1.3911e-09	1	3	1	3	2	0
AAC	A	C	0	1.3911e-09	1	3	2	3	2	1
AAC	A	C	0	1.3911e-09	1	3	3	3	1	1
AAC	A	C	0	1.3911e-09	3	3	3	3	2	2
AAC	A	C	0	1.3911e-09	5	3	0	3	1	1
AAC	A	C	0	1.3911e-09	NA	NA	NA	NA	8493	4478
AAC	A	G	0	5.2457e-09	0	3	0	6	1	0
AAC	A	G	0	5.2457e-09	0	3	0	9	1	1
AAC	A	G	0	5.2457e-09	0	3	1	3	6	4
AAC	A	G	0	5.2457e-09	0	3	2	3	3	2
AAC	A	G	0	5.2457e-09	0	3	3	3	2	2
AAC	A	G	0	5.2457e-09	0	3	6	3	3	1
AAC	A	G	0	5.2457e-09	0	4	0	3	2	0
AAC	A	G	0	5.2457e-09	0	5	0	3	1	0
AAC	A	G	0	5.2457e-09	0	6	0	3	4	2
AAC	A	G	0	5.2457e-09	1	3	0	3	5	1
AAC	A	G	0	5.2457e-09	1	3	1	3	2	2
AAC	A	G	0	5.2457e-09	1	3	4	3	1	1
AAC	A	G	0	5.2457e-09	1	4	0	3	2	2
AAC	A	G	0	5.2457e-09	1	6	0	3	1	1
AAC	A	G	0	5.2457e-09	1	8	0	3	1	1
AAC	A	G	0	5.2457e-09	2	3	0	3	5	1
AAC	A	G	0	5.2457e-09	2	6	0	3	1	1
AAC	A	G	0	5.2457e-09	3	3	0	3	4	3
AAC	A	G	0	5.2457e-09	4	3	0	3	8	6
AAC	A	G	0	5.2457e-09	5	3	0	3	1	1
AAC	A	G	0	5.2457e-09	5	4	0	3	1	1
AAC	A	G	0	5.2457e-09	9	3	0	3	1	1
AAC	A	G	0	5.2457e-09	NA	NA	NA	NA	34584	18877
AAC	A	T	0	1.3560e-09	0	3	1	3	3	2
AAC	A	T	0	1.3560e-09	0	3	1	6	1	0
AAC	A	T	0	1.3560e-09	1	3	0	3	4	2
AAC	A	T	0	1.3560e-09	2	3	0	3	1	1
AAC	A	T	0	1.3560e-09	3	3	0	3	1	1
AAC	A	T	0	1.3560e-09	4	3	0	3	1	1
AAC	A	T	0	1.3560e-09	NA	NA	NA	NA	8577	4706
AAG	A	C	0	1.4983e-09	0	3	0	6	2	2
AAG	A	C	0	1.4983e-09	0	3	0	8	1	1
AAG	A	C	0	1.4983e-09	0	3	1	3	7	1
AAG	A	C	0	1.4983e-09	0	3	2	3	1	1
AAG	A	C	0	1.4983e-09	0	3	3	3	2	2
AAG	A	C	0	1.4983e-09	0	3	4	3	2	2
AAG	A	C	0	1.4983e-09	0	3	5	3	2	2
AAG	A	C	0	1.4983e-09	0	3	6	3	1	0
AAG	A	C	0	1.4983e-09	0	4	0	3	4	2
AAG	A	C	0	1.4983e-09	0	6	0	3	1	0
AAG	A	C	0	1.4983e-09	0	8	0	3	1	1
AAG	A	C	0	1.4983e-09	1	3	0	3	7	3
AAG	A	C	0	1.4983e-09	1	3	1	3	4	2
AAG	A	C	0	1.4983e-09	1	3	2	3	1	1
AAG	A	C	0	1.4983e-09	1	3	3	6	1	1
AAG	A	C	0	1.4983e-09	2	3	0	3	1	1
AAG	A	C	0	1.4983e-09	3	3	0	3	2	1
AAG	A	C	0	1.4983e-09	4	8	0	3	1	0
AAG	A	C	0	1.4983e-09	NA	NA	NA	NA	13093	7517
AAG	A	G	0	3.9291e-09	0	3	0	3	2	1
AAG	A	G	0	3.9291e-09	0	3	0	4	4	3
AAG	A	G	0	3.9291e-09	0	3	0	6	1	1
AAG	A	G	0	3.9291e-09	0	3	1	3	22	13
AAG	A	G	0	3.9291e-09	0	3	1	6	1	0
AAG	A	G	0	3.9291e-09	0	3	1	9	1	1
AAG	A	G	0	3.9291e-09	0	3	2	3	20	11
AAG	A	G	0	3.9291e-09	0	3	3	3	13	8
AAG	A	G	0	3.9291e-09	0	3	3	4	1	1
AAG	A	G	0	3.9291e-09	0	3	4	3	3	1
AAG	A	G	0	3.9291e-09	0	3	5	3	1	1
AAG	A	G	0	3.9291e-09	0	3	6	3	2	2
AAG	A	G	0	3.9291e-09	0	4	0	3	6	4
AAG	A	G	0	3.9291e-09	0	5	0	3	1	1
AAG	A	G	0	3.9291e-09	1	3	0	3	12	10
AAG	A	G	0	3.9291e-09	1	3	1	3	8	6
AAG	A	G	0	3.9291e-09	1	3	2	3	2	2
AAG	A	G	0	3.9291e-09	1	3	4	3	1	1
AAG	A	G	0	3.9291e-09	1	3	5	3	1	0
AAG	A	G	0	3.9291e-09	2	3	0	3	11	8
AAG	A	G	0	3.9291e-09	2	3	2	3	1	0
AAG	A	G	0	3.9291e-09	2	3	4	3	1	1
AAG	A	G	0	3.9291e-09	3	3	0	3	7	3
AAG	A	G	0	3.9291e-09	3	3	3	3	1	1
AAG	A	G	0	3.9291e-09	4	3	0	3	4	4
AAG	A	G	0	3.9291e-09	4	3	4	3	1	1
AAG	A	G	0	3.9291e-09	5	3	0	3	5	2
AAG	A	G	0	3.9291e-09	5	3	1	3	1	0
AAG	A	G	0	3.9291e-09	6	3	0	3	1	1
AAG	A	G	0	3.9291e-09	6	8	0	3	1	0
AAG	A	G	0	3.9291e-09	9	3	0	3	1	1
AAG	A	G	0	3.9291e-09	NA	NA	NA	NA	34117	18876
AAG	A	T	0	9.4450e-10	0	3	0	4	1	1
AAG	A	T	0	9.4450e-10	0	3	0	6	1	0
AAG	A	T	0	9.4450e-10	0	3	3	3	1	1
AAG	A	T	0	9.4450e-10	0	6	0	3	2	2
AAG	A	T	0	9.4450e-10	1	3	0	3	3	1
AAG	A	T	0	9.4450e-10	1	4	0	3	1	1
AAG	A	T	0	9.4450e-10	1	5	0	3	1	1
AAG	A	T	0	9.4450e-10	2	3	0	3	1	0
AAG	A	T	0	9.4450e-10	3	3	0	3	3	2
AAG	A	T	0	9.4450e-10	NA	NA	NA	NA	8563	4892
AAT	A	C	0	1.2703e-09	0	3	1	3	6	3
AAT	A	C	0	1.2703e-09	0	3	2	3	1	1
AAT	A	C	0	1.2703e-09	0	3	3	3	1	0
AAT	A	C	0	1.2703e-09	0	3	5	3	1	0
AAT	A	C	0	1.2703e-09	1	3	0	3	5	3
AAT	A	C	0	1.2703e-09	1	3	1	3	2	1
AAT	A	C	0	1.2703e-09	1	3	2	3	2	2
AAT	A	C	0	1.2703e-09	1	3	6	3	1	0
AAT	A	C	0	1.2703e-09	1	6	0	3	1	0
AAT	A	C	0	1.2703e-09	2	3	0	3	3	3
AAT	A	C	0	1.2703e-09	3	6	0	3	1	1
AAT	A	C	0	1.2703e-09	4	3	5	3	1	1
AAT	A	C	0	1.2703e-09	9	3	0	3	1	1
AAT	A	C	0	1.2703e-09	9	4	0	3	1	1
AAT	A	C	0	1.2703e-09	NA	NA	NA	NA	14261	8060
AAT	A	G	0	7.7544e-09	0	3	0	3	4	3
AAT	A	G	0	7.7544e-09	0	3	0	4	2	2
AAT	A	G	0	7.7544e-09	0	3	0	5	1	0
AAT	A	G	0	7.7544e-09	0	3	1	3	20	9
AAT	A	G	0	7.7544e-09	0	3	2	3	18	10
AAT	A	G	0	7.7544e-09	0	3	2	4	1	0
AAT	A	G	0	7.7544e-09	0	3	3	3	12	7
AAT	A	G	0	7.7544e-09	0	3	4	3	4	2
AAT	A	G	0	7.7544e-09	0	3	5	3	6	6
AAT	A	G	0	7.7544e-09	0	3	6	3	1	1
AAT	A	G	0	7.7544e-09	0	5	0	3	1	1
AAT	A	G	0	7.7544e-09	0	6	0	3	1	1
AAT	A	G	0	7.7544e-09	1	3	0	3	19	12
AAT	A	G	0	7.7544e-09	1	3	1	3	3	1
AAT	A	G	0	7.7544e-09	1	3	2	3	7	2
AAT	A	G	0	7.7544e-09	1	3	3	3	2	2
AAT	A	G	0	7.7544e-09	1	3	4	3	2	0
AAT	A	G	0	7.7544e-09	1	3	6	3	1	1
AAT	A	G	0	7.7544e-09	1	4	0	3	2	0
AAT	A	G	0	7.7544e-09	1	6	0	3	3	2
AAT	A	G	0	7.7544e-09	1	8	0	3	1	0
AAT	A	G	0	7.7544e-09	2	3	0	3	9	6
AAT	A	G	0	7.7544e-09	2	3	1	3	1	0
AAT	A	G	0	7.7544e-09	2	3	2	3	1	0
AAT	A	G	0	7.7544e-09	2	5	0	3	1	1
AAT	A	G	0	7.7544e-09	3	3	0	3	8	5
AAT	A	G	0	7.7544e-09	3	3	1	3	3	2
AAT	A	G	0	7.7544e-09	3	3	2	3	3	1
AAT	A	G	0	7.7544e-09	4	3	0	3	2	2
AAT	A	G	0	7.7544e-09	4	6	0	3	1	1
AAT	A	G	0	7.7544e-09	4	8	0	3	1	0
AAT	A	G	0	7.7544e-09	5	3	0	3	3	2
AAT	A	G	0	7.7544e-09	5	8	0	3	1	1
AAT	A	G	0	7.7544e-09	6	3	0	3	3	2
AAT	A	G	0	7.7544e-09	6	4	0	3	1	0
AAT	A	G	0	7.7544e-09	9	3	0	3	5	3
AAT	A	G	0	7.7544e-09	9	3	5	3	1	1
AAT	A	G	0	7.7544e-09	9	6	0	3	1	1
AAT	A	G	0	7.7544e-09	9	8	0	3	2	1
AAT	A	G	0	7.7544e-09	NA	NA	NA	NA	82818	43962
AAT	A	T	0	1.5138e-09	0	3	3	3	1	1
AAT	A	T	0	1.5138e-09	1	3	0	3	3	3
AAT	A	T	0	1.5138e-09	1	3	1	3	1	1
AAT	A	T	0	1.5138e-09	2	3	0	3	5	3
AAT	A	T	0	1.5138e-09	2	3	1	3	1	1
AAT	A	T	0	1.5138e-09	2	3	2	3	1	0
AAT	A	T	0	1.5138e-09	3	3	0	3	1	1
AAT	A	T	0	1.5138e-09	4	3	0	3	1	0
AAT	A	T	0	1.5138e-09	5	3	0	3	1	0
AAT	A	T	0	1.5138e-09	NA	NA	NA	NA	16243	8680
ACA	C	A	0	2.9409e-09	0	3	0	3	1	0
ACA	C	A	0	2.9409e-09	0	3	0	4	1	0
ACA	C	A	0	2.9409e-09	0	3	0	9	1	0
ACA	C	A	0	2.9409e-09	0	3	2	3	1	0
ACA	C	A	0	2.9409e-09	0	4	0	3	1	1
ACA	C	A	0	2.9409e-09	1	3	0	3	5	3
ACA	C	A	0	2.9409e-09	2	3	0	3	10	3
ACA	C	A	0	2.9409e-09	3	3	0	3	9	4
ACA	C	A	0	2.9409e-09	3	6	0	3	1	0
ACA	C	A	0	2.9409e-09	4	3	0	3	3	2
ACA	C	A	0	2.9409e-09	5	3	0	3	1	0
ACA	C	A	0	2.9409e-09	NA	NA	NA	NA	24846	13793
ACA	C	G	0	2.3710e-09	0	3	1	3	3	1
ACA	C	G	0	2.3710e-09	0	3	2	3	2	2
ACA	C	G	0	2.3710e-09	0	4	0	3	1	0
ACA	C	G	0	2.3710e-09	0	6	0	3	1	0
ACA	C	G	0	2.3710e-09	1	3	0	3	7	5
ACA	C	G	0	2.3710e-09	1	3	1	3	1	0
ACA	C	G	0	2.3710e-09	1	3	2	3	2	1
ACA	C	G	0	2.3710e-09	1	4	0	3	2	2
ACA	C	G	0	2.3710e-09	1	8	0	3	1	0
ACA	C	G	0	2.3710e-09	2	3	0	3	8	5
ACA	C	G	0	2.3710e-09	3	3	0	3	3	2
ACA	C	G	0	2.3710e-09	4	3	0	3	2	1
ACA	C	G	0	2.3710e-09	4	8	0	3	1	1
ACA	C	G	0	2.3710e-09	6	3	0	3	1	1
ACA	C	G	0	2.3710e-09	6	8	0	3	1	1
ACA	C	G	0	2.3710e-09	NA	NA	NA	NA	20296	11315
ACA	C	T	0	9.3201e-09	0	3	0	3	6	3
ACA	C	T	0	9.3201e-09	0	3	0	4	2	1
ACA	C	T	0	9.3201e-09	0	3	0	6	2	2
ACA	C	T	0	9.3201e-09	0	3	0	8	1	0
ACA	C	T	0	9.3201e-09	0	3	0	9	1	0
ACA	C	T	0	9.3201e-09	0	3	1	3	35	16
ACA	C	T	0	9.3201e-09	0	3	2	3	17	13
ACA	C	T	0	9.3201e-09	0	3	2	4	1	1
ACA	C	T	0	9.3201e-09	0	3	3	3	11	7
ACA	C	T	0	9.3201e-09	0	3	4	3	5	3
ACA	C	T	0	9.3201e-09	0	3	6	3	2	1
ACA	C	T	0	9.3201e-09	0	4	0	3	5	2
ACA	C	T	0	9.3201e-09	1	3	0	3	9	5
ACA	C	T	0	9.3201e-09	1	3	1	3	2	2
ACA	C	T	0	9.3201e-09	1	3	2	3	1	1
ACA	C	T	0	9.3201e-09	1	3	3	3	1	1
ACA	C	T	0	9.3201e-09	1	3	5	3	1	1
ACA	C	T	0	9.3201e-09	1	4	0	3	4	3
ACA	C	T	0	9.3201e-09	2	3	0	3	7	3
ACA	C	T	0	9.3201e-09	2	3	0	4	1	1
ACA	C	T	0	9.3201e-09	2	5	0	3	1	0
ACA	C	T	0	9.3201e-09	3	3	0	3	3	2
ACA	C	T	0	9.3201e-09	4	3	0	3	1	1
ACA	C	T	0	9.3201e-09	NA	NA	NA	NA	80042	43729
ACC	C	A	0	5.7034e-09	0	3	0	3	1	1
ACC	C	A	0	5.7034e-09	0	3	0	4	1	0
ACC	C	A	0	5.7034e-09	0	3	0	5	1	0
ACC	C	A	0	5.7034e-09	0	3	0	6	2	1
ACC	C	A	0	5.7034e-09	0	3	0	8	1	1
ACC	C	A	0	5.7034e-09	0	3	0	9	3	2
ACC	C	A	0	5.7034e-09	0	3	1	3	9	6
ACC	C	A	0	5.7034e-09	0	3	1	4	1	0
ACC	C	A	0	5.7034e-09	0	3	1	9	5	4
ACC	C	A	0	5.7034e-09	0	3	2	3	4	2
ACC	C	A	0	5.7034e-09	0	3	2	6	1	1
ACC	C	A	0	5.7034e-09	0	3	2	9	1	1
ACC	C	A	0	5.7034e-09	0	3	3	3	2	1
ACC	C	A	0	5.7034e-09	0	3	3	9	2	1
ACC	C	A	0	5.7034e-09	0	3	4	9	1	1
ACC	C	A	0	5.7034e-09	0	3	6	4	1	1
ACC	C	A	0	5.7034e-09	0	3	6	9	1	1
ACC	C	A	0	5.7034e-09	0	6	0	3	1	0
ACC	C	A	0	5.7034e-09	1	3	0	3	10	5
ACC	C	A	0	5.7034e-09	1	3	0	9	1	1
ACC	C	A	0	5.7034e-09	1	3	1	3	3	1
ACC	C	A	0	5.7034e-09	1	3	2	3	1	0
ACC	C	A	0	5.7034e-09	1	6	0	3	1	1
ACC	C	A	0	5.7034e-09	2	3	0	3	4	0
ACC	C	A	0	5.7034e-09	2	3	2	3	1	1
ACC	C	A	0	5.7034e-09	3	3	0	3	2	1
ACC	C	A	0	5.7034e-09	4	3	0	3	6	4
ACC	C	A	0	5.7034e-09	6	3	0	3	1	1
ACC	C	A	0	5.7034e-09	NA	NA	NA	NA	27454	15391
ACC	C	G	0	2.4639e-09	0	3	0	3	1	1
ACC	C	G	0	2.4639e-09	0	3	0	6	1	1
ACC	C	G	0	2.4639e-09	0	3	0	9	4	3
ACC	C	G	0	2.4639e-09	0	3	1	3	5	1
ACC	C	G	0	2.4639e-09	0	3	1	8	1	1
ACC	C	G	0	2.4639e-09	0	3	2	3	5	3
ACC	C	G	0	2.4639e-09	0	3	2	9	1	0
ACC	C	G	0	2.4639e-09	0	3	3	3	3	2
ACC	C	G	0	2.4639e-09	0	3	3	9	1	0
ACC	C	G	0	2.4639e-09	1	3	0	3	9	3
ACC	C	G	0	2.4639e-09	1	3	1	3	2	1
ACC	C	G	0	2.4639e-09	1	3	6	9	1	1
ACC	C	G	0	2.4639e-09	1	4	0	3	1	1
ACC	C	G	0	2.4639e-09	1	5	0	3	1	1
ACC	C	G	0	2.4639e-09	2	3	0	3	1	1
ACC	C	G	0	2.4639e-09	3	3	0	3	4	4
ACC	C	G	0	2.4639e-09	3	3	2	3	1	1
ACC	C	G	0	2.4639e-09	4	3	0	3	1	1
ACC	C	G	0	2.4639e-09	4	3	1	3	1	1
ACC	C	G	0	2.4639e-09	6	3	0	3	1	1
ACC	C	G	0	2.4639e-09	NA	NA	NA	NA	12165	6810
ACC	C	T	0	9.9720e-09	0	3	0	6	1	1
ACC	C	T	0	9.9720e-09	0	3	0	9	15	10
ACC	C	T	0	9.9720e-09	0	3	1	3	33	17
ACC	C	T	0	9.9720e-09	0	3	1	4	1	0
ACC	C	T	0	9.9720e-09	0	3	1	8	1	0
ACC	C	T	0	9.9720e-09	0	3	1	9	3	2
ACC	C	T	0	9.9720e-09	0	3	2	3	17	9
ACC	C	T	0	9.9720e-09	0	3	2	9	1	1
ACC	C	T	0	9.9720e-09	0	3	3	3	4	2
ACC	C	T	0	9.9720e-09	0	3	3	9	1	1
ACC	C	T	0	9.9720e-09	0	3	5	9	1	0
ACC	C	T	0	9.9720e-09	0	3	9	9	1	1
ACC	C	T	0	9.9720e-09	0	4	0	3	2	0
ACC	C	T	0	9.9720e-09	0	6	0	3	1	1
ACC	C	T	0	9.9720e-09	1	3	0	3	33	18
ACC	C	T	0	9.9720e-09	1	3	0	9	1	1
ACC	C	T	0	9.9720e-09	1	3	1	3	11	6
ACC	C	T	0	9.9720e-09	1	3	1	9	1	1
ACC	C	T	0	9.9720e-09	1	3	2	3	4	2
ACC	C	T	0	9.9720e-09	2	3	0	3	20	9
ACC	C	T	0	9.9720e-09	2	3	1	3	3	2
ACC	C	T	0	9.9720e-09	2	3	3	9	1	1
ACC	C	T	0	9.9720e-09	3	3	0	3	5	2
ACC	C	T	0	9.9720e-09	3	3	2	3	1	0
ACC	C	T	0	9.9720e-09	4	3	0	3	4	3
ACC	C	T	0	9.9720e-09	5	3	0	3	1	0
ACC	C	T	0	9.9720e-09	NA	NA	NA	NA	47078	25622
ACG	C	A	0	6.6879e-09	0	3	0	3	1	1
ACG	C	A	0	6.6879e-09	0	3	0	4	1	0
ACG	C	A	0	6.6879e-09	0	3	1	3	6	3
ACG	C	A	0	6.6879e-09	0	3	1	9	1	1
ACG	C	A	0	6.6879e-09	0	3	2	3	1	0
ACG	C	A	0	6.6879e-09	0	3	3	3	2	0
ACG	C	A	0	6.6879e-09	0	3	4	3	1	1
ACG	C	A	0	6.6879e-09	0	4	0	3	3	2
ACG	C	A	0	6.6879e-09	1	3	0	3	5	2
ACG	C	A	0	6.6879e-09	1	4	0	3	1	1
ACG	C	A	0	6.6879e-09	2	3	0	3	5	1
ACG	C	A	0	6.6879e-09	3	3	0	3	3	1
ACG	C	A	0	6.6879e-09	4	3	0	3	1	1
ACG	C	A	0	6.6879e-09	4	6	0	3	1	1
ACG	C	A	0	6.6879e-09	NA	NA	NA	NA	7934	4251
ACG	C	G	0	4.9426e-09	0	3	0	4	1	0
ACG	C	G	0	4.9426e-09	0	3	0	9	3	3
ACG	C	G	0	4.9426e-09	0	3	1	3	2	2
ACG	C	G	0	4.9426e-09	0	3	2	3	8	3
ACG	C	G	0	4.9426e-09	0	3	3	3	4	1
ACG	C	G	0	4.9426e-09	0	3	4	3	1	0
ACG	C	G	0	4.9426e-09	0	3	5	3	1	1
ACG	C	G	0	4.9426e-09	0	3	6	3	1	1
ACG	C	G	0	4.9426e-09	0	8	0	3	1	0
ACG	C	G	0	4.9426e-09	1	3	0	3	7	4
ACG	C	G	0	4.9426e-09	1	3	1	3	3	3
ACG	C	G	0	4.9426e-09	1	3	2	3	1	1
ACG	C	G	0	4.9426e-09	1	3	3	3	1	1
ACG	C	G	0	4.9426e-09	3	3	0	3	2	2
ACG	C	G	0	4.9426e-09	4	3	1	3	1	0
ACG	C	G	0	4.9426e-09	6	3	0	3	2	2
ACG	C	G	0	4.9426e-09	6	3	6	3	1	0
ACG	C	G	0	4.9426e-09	NA	NA	NA	NA	5919	3199
ACG	C	T	0	2.6612e-08	0	3	1	3	1	1
ACG	C	T	0	2.6612e-08	1	3	1	3	1	0
ACG	C	T	0	2.6612e-08	NA	NA	NA	NA	1373	457
ACG	C	T	1	1.0750e-07	0	3	0	4	1	1
ACG	C	T	1	1.0750e-07	0	3	1	3	1	0
ACG	C	T	1	1.0750e-07	0	3	2	3	1	0
ACG	C	T	1	1.0750e-07	0	3	2	9	1	1
ACG	C	T	1	1.0750e-07	2	3	0	3	1	1
ACG	C	T	1	1.0750e-07	NA	NA	NA	NA	7528	2205
ACG	C	T	2	1.4169e-07	0	3	0	3	21	11
ACG	C	T	2	1.4169e-07	0	3	0	4	13	5
ACG	C	T	2	1.4169e-07	0	3	0	6	3	3
ACG	C	T	2	1.4169e-07	0	3	0	9	6	2
ACG	C	T	2	1.4169e-07	0	3	1	3	18	7
ACG	C	T	2	1.4169e-07	0	3	1	4	1	0
ACG	C	T	2	1.4169e-07	0	3	1	6	1	1
ACG	C	T	2	1.4169e-07	0	3	2	3	4	2
ACG	C	T	2	1.4169e-07	0	3	2	9	2	1
ACG	C	T	2	1.4169e-07	0	3	3	3	4	2
ACG	C	T	2	1.4169e-07	0	3	3	4	1	1
ACG	C	T	2	1.4169e-07	0	3	5	9	1	0
ACG	C	T	2	1.4169e-07	0	4	0	3	10	5
ACG	C	T	2	1.4169e-07	0	5	0	3	1	0
ACG	C	T	2	1.4169e-07	1	3	0	3	20	9
ACG	C	T	2	1.4169e-07	1	3	0	4	1	0
ACG	C	T	2	1.4169e-07	1	3	1	5	1	1
ACG	C	T	2	1.4169e-07	2	3	0	3	17	7
ACG	C	T	2	1.4169e-07	3	3	0	3	6	1
ACG	C	T	2	1.4169e-07	4	3	0	3	6	2
ACG	C	T	2	1.4169e-07	5	3	0	3	1	0
ACG	C	T	2	1.4169e-07	6	3	0	3	1	1
ACG	C	T	2	1.4169e-07	NA	NA	NA	NA	96006	31040
ACT	C	A	0	2.0967e-09	0	3	0	4	1	1
ACT	C	A	0	2.0967e-09	0	3	0	5	1	0
ACT	C	A	0	2.0967e-09	0	3	0	9	1	1
ACT	C	A	0	2.0967e-09	0	3	1	3	2	1
ACT	C	A	0	2.0967e-09	0	3	2	3	2	2
ACT	C	A	0	2.0967e-09	1	3	0	3	10	9
ACT	C	A	0	2.0967e-09	1	3	0	4	1	1
ACT	C	A	0	2.0967e-09	2	3	0	3	3	2
ACT	C	A	0	2.0967e-09	3	3	0	3	3	2
ACT	C	A	0	2.0967e-09	4	3	0	3	3	0
ACT	C	A	0	2.0967e-09	6	9	0	3	1	0
ACT	C	A	0	2.0967e-09	9	9	0	3	1	1
ACT	C	A	0	2.0967e-09	NA	NA	NA	NA	14685	8310
ACT	C	G	0	3.0337e-09	0	3	0	3	3	2
ACT	C	G	0	3.0337e-09	0	3	0	4	1	1
ACT	C	G	0	3.0337e-09	0	3	0	9	1	0
ACT	C	G	0	3.0337e-09	0	3	1	3	8	3
ACT	C	G	0	3.0337e-09	0	3	1	9	2	2
ACT	C	G	0	3.0337e-09	0	3	2	3	4	2
ACT	C	G	0	3.0337e-09	0	3	3	3	3	2
ACT	C	G	0	3.0337e-09	0	3	4	3	1	0
ACT	C	G	0	3.0337e-09	0	3	5	3	2	1
ACT	C	G	0	3.0337e-09	0	3	6	3	2	1
ACT	C	G	0	3.0337e-09	1	3	0	3	8	1
ACT	C	G	0	3.0337e-09	1	3	1	3	3	0
ACT	C	G	0	3.0337e-09	1	3	3	3	1	1
ACT	C	G	0	3.0337e-09	1	3	4	3	1	0
ACT	C	G	0	3.0337e-09	1	4	0	3	2	2
ACT	C	G	0	3.0337e-09	1	8	0	3	1	1
ACT	C	G	0	3.0337e-09	2	3	0	3	9	4
ACT	C	G	0	3.0337e-09	2	3	2	3	1	0
ACT	C	G	0	3.0337e-09	2	8	0	3	1	0
ACT	C	G	0	3.0337e-09	3	3	0	3	1	1
ACT	C	G	0	3.0337e-09	3	4	0	3	1	0
ACT	C	G	0	3.0337e-09	4	3	0	3	4	3
ACT	C	G	0	3.0337e-09	5	3	0	3	2	1
ACT	C	G	0	3.0337e-09	NA	NA	NA	NA	19778	11286
ACT	C	T	0	7.9566e-09	0	3	0	3	2	1
ACT	C	T	0	7.9566e-09	0	3	0	4	4	3
ACT	C	T	0	7.9566e-09	0	3	0	5	3	2
ACT	C	T	0	7.9566e-09	0	3	0	6	2	1
ACT	C	T	0	7.9566e-09	0	3	0	8	1	1
ACT	C	T	0	7.9566e-09	0	3	0	9	5	4
ACT	C	T	0	7.9566e-09	0	3	1	3	7	4
ACT	C	T	0	7.9566e-09	0	3	1	4	2	2
ACT	C	T	0	7.9566e-09	0	3	2	3	2	1
ACT	C	T	0	7.9566e-09	0	3	4	8	1	1
ACT	C	T	0	7.9566e-09	0	6	0	3	1	0
ACT	C	T	0	7.9566e-09	1	3	0	3	17	9
ACT	C	T	0	7.9566e-09	1	3	1	3	3	2
ACT	C	T	0	7.9566e-09	1	3	5	9	1	1
ACT	C	T	0	7.9566e-09	1	3	6	3	1	0
ACT	C	T	0	7.9566e-09	1	4	0	3	1	1
ACT	C	T	0	7.9566e-09	1	6	0	3	1	1
ACT	C	T	0	7.9566e-09	1	8	0	3	1	0
ACT	C	T	0	7.9566e-09	2	3	0	3	19	10
ACT	C	T	0	7.9566e-09	2	3	1	3	1	0
ACT	C	T	0	7.9566e-09	3	3	0	3	7	3
ACT	C	T	0	7.9566e-09	4	3	0	3	2	2
ACT	C	T	0	7.9566e-09	5	3	0	3	1	1
ACT	C	T	0	7.9566e-09	6	6	0	3	1	1
ACT	C	T	0	7.9566e-09	9	9	0	3	1	0
ACT	C	T	0	7.9566e-09	NA	NA	NA	NA	54336	29611
CAA	A	C	0	1.9615e-09	0	3	0	3	2	1
CAA	A	C	0	1.9615e-09	0	3	0	8	1	1
CAA	A	C	0	1.9615e-09	0	3	1	3	3	1
CAA	A	C	0	1.9615e-09	0	3	2	3	4	3
CAA	A	C	0	1.9615e-09	0	3	3	3	1	1
CAA	A	C	0	1.9615e-09	0	3	6	3	1	1
CAA	A	C	0	1.9615e-09	0	4	0	3	1	1
CAA	A	C	0	1.9615e-09	0	6	0	3	1	1
CAA	A	C	0	1.9615e-09	1	3	0	3	1	1
CAA	A	C	0	1.9615e-09	1	4	0	3	1	1
CAA	A	C	0	1.9615e-09	2	3	0	3	1	1
CAA	A	C	0	1.9615e-09	2	3	1	3	2	0
CAA	A	C	0	1.9615e-09	3	3	0	3	2	2
CAA	A	C	0	1.9615e-09	4	3	0	3	1	0
CAA	A	C	0	1.9615e-09	5	3	0	3	1	0
CAA	A	C	0	1.9615e-09	NA	NA	NA	NA	15747	8890
CAA	A	G	0	3.8238e-09	0	3	0	3	2	2
CAA	A	G	0	3.8238e-09	0	3	0	4	1	1
CAA	A	G	0	3.8238e-09	0	3	1	3	22	11
CAA	A	G	0	3.8238e-09	0	3	2	3	7	5
CAA	A	G	0	3.8238e-09	0	3	3	3	1	1
CAA	A	G	0	3.8238e-09	0	4	0	3	1	1
CAA	A	G	0	3.8238e-09	1	3	0	3	13	6
CAA	A	G	0	3.8238e-09	1	3	1	3	8	3
CAA	A	G	0	3.8238e-09	1	3	2	3	2	1
CAA	A	G	0	3.8238e-09	1	4	0	3	1	1
CAA	A	G	0	3.8238e-09	1	8	0	3	1	1
CAA	A	G	0	3.8238e-09	2	3	0	3	14	9
CAA	A	G	0	3.8238e-09	2	3	1	3	3	2
CAA	A	G	0	3.8238e-09	2	3	2	3	1	0
CAA	A	G	0	3.8238e-09	3	3	0	3	1	1
CAA	A	G	0	3.8238e-09	3	3	2	3	1	0
CAA	A	G	0	3.8238e-09	3	4	0	3	1	0
CAA	A	G	0	3.8238e-09	4	3	3	3	1	0
CAA	A	G	0	3.8238e-09	5	3	0	3	1	0
CAA	A	G	0	3.8238e-09	NA	NA	NA	NA	31016	16354
CAA	A	T	0	9.1862e-10	0	3	0	4	1	0
CAA	A	T	0	9.1862e-10	0	3	1	3	2	2
CAA	A	T	0	9.1862e-10	0	3	3	3	1	1
CAA	A	T	0	9.1862e-10	1	3	0	3	4	3
CAA	A	T	0	9.1862e-10	2	3	0	3	1	1
CAA	A	T	0	9.1862e-10	3	3	0	3	1	0
CAA	A	T	0	9.1862e-10	4	3	0	3	1	1
CAA	A	T	0	9.1862e-10	5	8	0	3	1	1
CAA	A	T	0	9.1862e-10	9	3	0	3	1	1
CAA	A	T	0	9.1862e-10	NA	NA	NA	NA	7624	4422
CAC	A	C	0	1.8485e-09	0	3	0	3	2	1
CAC	A	C	0	1.8485e-09	0	3	0	5	1	1
CAC	A	C	0	1.8485e-09	0	3	0	8	1	1
CAC	A	C	0	1.8485e-09	0	3	1	3	4	2
CAC	A	C	0	1.8485e-09	0	3	2	3	6	4
CAC	A	C	0	1.8485e-09	0	3	3	3	1	1
CAC	A	C	0	1.8485e-09	0	6	0	3	1	0
CAC	A	C	0	1.8485e-09	0	8	0	3	1	1
CAC	A	C	0	1.8485e-09	1	3	0	3	3	2
CAC	A	C	0	1.8485e-09	1	4	0	3	1	1
CAC	A	C	0	1.8485e-09	2	3	0	3	6	3
CAC	A	C	0	1.8485e-09	3	3	0	3	1	1
CAC	A	C	0	1.8485e-09	6	3	0	3	1	1
CAC	A	C	0	1.8485e-09	NA	NA	NA	NA	12249	6870
CAC	A	G	0	5.0796e-09	0	3	0	3	1	0
CAC	A	G	0	5.0796e-09	0	3	0	4	3	1
CAC	A	G	0	5.0796e-09	0	3	0	5	1	0
CAC	A	G	0	5.0796e-09	0	3	0	6	1	1
CAC	A	G	0	5.0796e-09	0	3	0	8	1	1
CAC	A	G	0	5.0796e-09	0	3	0	9	3	2
CAC	A	G	0	5.0796e-09	0	3	1	3	18	9
CAC	A	G	0	5.0796e-09	0	3	1	5	1	0
CAC	A	G	0	5.0796e-09	0	3	1	6	1	1
CAC	A	G	0	5.0796e-09	0	3	2	3	5	3
CAC	A	G	0	5.0796e-09	0	3	3	9	1	0
CAC	A	G	0	5.0796e-09	0	3	4	3	1	1
CAC	A	G	0	5.0796e-09	0	3	4	8	1	1
CAC	A	G	0	5.0796e-09	0	4	0	3	1	0
CAC	A	G	0	5.0796e-09	1	3	0	3	12	8
CAC	A	G	0	5.0796e-09	1	3	1	3	6	3
CAC	A	G	0	5.0796e-09	1	3	2	3	1	1
CAC	A	G	0	5.0796e-09	2	3	0	3	7	5
CAC	A	G	0	5.0796e-09	2	3	2	3	1	1
CAC	A	G	0	5.0796e-09	2	3	3	3	1	1
CAC	A	G	0	5.0796e-09	3	3	0	3	2	0
CAC	A	G	0	5.0796e-09	3	3	2	3	1	0
CAC	A	G	0	5.0796e-09	NA	NA	NA	NA	34056	17543
CAC	A	T	0	1.4118e-09	0	3	1	3	6	3
CAC	A	T	0	1.4118e-09	0	3	2	3	6	5
CAC	A	T	0	1.4118e-09	0	3	3	3	2	1
CAC	A	T	0	1.4118e-09	0	3	4	3	1	1
CAC	A	T	0	1.4118e-09	0	3	5	3	1	0
CAC	A	T	0	1.4118e-09	0	3	6	3	1	1
CAC	A	T	0	1.4118e-09	0	8	0	3	1	1
CAC	A	T	0	1.4118e-09	2	3	0	3	5	3
CAC	A	T	0	1.4118e-09	NA	NA	NA	NA	9230	5193
CAG	A	C	0	1.6210e-09	0	3	1	3	9	3
CAG	A	C	0	1.6210e-09	0	3	1	4	1	1
CAG	A	C	0	1.6210e-09	0	3	2	3	3	2
CAG	A	C	0	1.6210e-09	0	3	3	3	1	1
CAG	A	C	0	1.6210e-09	1	3	0	3	9	8
CAG	A	C	0	1.6210e-09	1	3	1	3	3	0
CAG	A	C	0	1.6210e-09	1	6	0	3	1	1
CAG	A	C	0	1.6210e-09	1	8	0	3	2	1
CAG	A	C	0	1.6210e-09	2	3	0	3	16	8
CAG	A	C	0	1.6210e-09	2	3	1	3	1	0
CAG	A	C	0	1.6210e-09	2	3	2	3	2	1
CAG	A	C	0	1.6210e-09	2	8	0	3	1	0
CAG	A	C	0	1.6210e-09	3	6	0	3	1	0
CAG	A	C	0	1.6210e-09	4	3	0	3	1	1
CAG	A	C	0	1.6210e-09	5	3	0	3	1	1
CAG	A	C	0	1.6210e-09	5	9	0	3	1	1
CAG	A	C	0	1.6210e-09	9	3	0	3	1	0
CAG	A	C	0	1.6210e-09	NA	NA	NA	NA	14231	8090
CAG	A	G	0	5.2348e-09	0	3	0	4	2	2
CAG	A	G	0	5.2348e-09	0	3	0	6	1	1
CAG	A	G	0	5.2348e-09	0	3	1	3	42	26
CAG	A	G	0	5.2348e-09	0	3	2	3	7	4
CAG	A	G	0	5.2348e-09	0	3	3	3	7	2
CAG	A	G	0	5.2348e-09	0	3	4	3	2	2
CAG	A	G	0	5.2348e-09	0	3	5	3	3	1
CAG	A	G	0	5.2348e-09	0	3	6	3	1	1
CAG	A	G	0	5.2348e-09	0	8	0	3	2	2
CAG	A	G	0	5.2348e-09	1	3	0	3	28	14
CAG	A	G	0	5.2348e-09	1	3	1	3	11	8
CAG	A	G	0	5.2348e-09	1	3	2	3	2	2
CAG	A	G	0	5.2348e-09	1	3	4	3	1	1
CAG	A	G	0	5.2348e-09	1	6	0	3	1	1
CAG	A	G	0	5.2348e-09	1	9	0	3	2	2
CAG	A	G	0	5.2348e-09	2	3	0	3	17	11
CAG	A	G	0	5.2348e-09	2	3	1	3	2	2
CAG	A	G	0	5.2348e-09	2	3	2	3	1	0
CAG	A	G	0	5.2348e-09	3	3	0	3	5	2
CAG	A	G	0	5.2348e-09	3	3	3	3	1	1
CAG	A	G	0	5.2348e-09	3	4	0	3	1	0
CAG	A	G	0	5.2348e-09	3	8	0	3	1	1
CAG	A	G	0	5.2348e-09	3	9	0	3	3	2
CAG	A	G	0	5.2348e-09	4	3	0	3	5	2
CAG	A	G	0	5.2348e-09	4	4	0	3	2	1
CAG	A	G	0	5.2348e-09	4	9	0	3	2	1
CAG	A	G	0	5.2348e-09	5	3	6	3	1	0
CAG	A	G	0	5.2348e-09	5	9	0	3	2	1
CAG	A	G	0	5.2348e-09	6	9	0	3	1	1
CAG	A	G	0	5.2348e-09	9	9	0	3	2	2
CAG	A	G	0	5.2348e-09	NA	NA	NA	NA	46391	24622
CAG	A	T	0	1.1632e-09	0	3	0	6	1	1
CAG	A	T	0	1.1632e-09	0	3	1	3	1	1
CAG	A	T	0	1.1632e-09	0	3	1	5	1	1
CAG	A	T	0	1.1632e-09	0	3	2	3	2	2
CAG	A	T	0	1.1632e-09	0	3	4	3	1	1
CAG	A	T	0	1.1632e-09	0	3	4	4	1	1
CAG	A	T	0	1.1632e-09	0	3	5	3	2	2
CAG	A	T	0	1.1632e-09	0	3	6	3	1	0
CAG	A	T	0	1.1632e-09	0	8	0	3	1	1
CAG	A	T	0	1.1632e-09	1	3	0	3	6	5
CAG	A	T	0	1.1632e-09	1	3	1	3	1	0
CAG	A	T	0	1.1632e-09	1	4	0	3	1	0
CAG	A	T	0	1.1632e-09	1	9	0	3	1	0
CAG	A	T	0	1.1632e-09	2	3	0	3	12	7
CAG	A	T	0	1.1632e-09	3	3	0	3	7	3
CAG	A	T	0	1.1632e-09	4	3	0	3	4	2
CAG	A	T	0	1.1632e-09	4	3	2	3	1	1
CAG	A	T	0	1.1632e-09	6	3	0	3	1	1
CAG	A	T	0	1.1632e-09	9	3	0	3	1	1
CAG	A	T	0	1.1632e-09	NA	NA	NA	NA	10611	6109
CAT	A	C	0	2.0022e-09	0	3	0	3	2	1
CAT	A	C	0	2.0022e-09	0	3	0	6	1	1
CAT	A	C	0	2.0022e-09	0	3	1	3	13	8
CAT	A	C	0	2.0022e-09	0	3	2	3	9	4
CAT	A	C	0	2.0022e-09	0	3	3	3	1	1
CAT	A	C	0	2.0022e-09	0	3	4	3	1	1
CAT	A	C	0	2.0022e-09	0	3	5	3	1	1
CAT	A	C	0	2.0022e-09	0	3	6	3	1	1
CAT	A	C	0	2.0022e-09	0	4	0	3	2	1
CAT	A	C	0	2.0022e-09	1	3	0	3	5	4
CAT	A	C	0	2.0022e-09	1	3	1	3	4	3
CAT	A	C	0	2.0022e-09	1	3	2	3	1	0
CAT	A	C	0	2.0022e-09	1	3	3	3	2	2
CAT	A	C	0	2.0022e-09	1	3	5	3	1	1
CAT	A	C	0	2.0022e-09	2	3	0	3	4	4
CAT	A	C	0	2.0022e-09	2	3	1	3	1	1
CAT	A	C	0	2.0022e-09	2	3	2	3	1	1
CAT	A	C	0	2.0022e-09	2	6	0	3	1	1
CAT	A	C	0	2.0022e-09	3	3	0	3	4	3
CAT	A	C	0	2.0022e-09	3	6	0	3	1	1
CAT	A	C	0	2.0022e-09	4	3	0	3	2	1
CAT	A	C	0	2.0022e-09	5	3	0	3	2	1
CAT	A	C	0	2.0022e-09	6	3	0	3	1	1
CAT	A	C	0	2.0022e-09	9	8	0	3	1	1
CAT	A	C	0	2.0022e-09	NA	NA	NA	NA	16267	9367
CAT	A	G	0	1.1275e-08	0	3	0	3	2	1
CAT	A	G	0	1.1275e-08	0	3	0	6	1	0
CAT	A	G	0	1.1275e-08	0	3	1	3	41	18
CAT	A	G	0	1.1275e-08	0	3	2	3	22	9
CAT	A	G	0	1.1275e-08	0	3	2	5	1	1
CAT	A	G	0	1.1275e-08	0	3	3	3	9	6
CAT	A	G	0	1.1275e-08	0	3	4	3	3	2
CAT	A	G	0	1.1275e-08	0	3	5	3	2	1
CAT	A	G	0	1.1275e-08	0	4	0	3	2	0
CAT	A	G	0	1.1275e-08	1	3	0	3	27	13
CAT	A	G	0	1.1275e-08	1	3	1	3	26	11
CAT	A	G	0	1.1275e-08	1	3	2	3	4	3
CAT	A	G	0	1.1275e-08	1	3	3	3	3	1
CAT	A	G	0	1.1275e-08	1	3	4	3	2	1
CAT	A	G	0	1.1275e-08	1	3	5	3	1	0
CAT	A	G	0	1.1275e-08	2	3	0	3	10	8
CAT	A	G	0	1.1275e-08	2	3	1	3	4	3
CAT	A	G	0	1.1275e-08	2	3	2	3	2	1
CAT	A	G	0	1.1275e-08	2	6	0	3	1	1
CAT	A	G	0	1.1275e-08	3	3	0	3	5	4
CAT	A	G	0	1.1275e-08	3	3	1	3	2	2
CAT	A	G	0	1.1275e-08	3	3	2	3	1	1
CAT	A	G	0	1.1275e-08	3	3	3	3	1	0
CAT	A	G	0	1.1275e-08	3	3	4	3	1	1
CAT	A	G	0	1.1275e-08	5	3	5	3	1	0
CAT	A	G	0	1.1275e-08	NA	NA	NA	NA	87947	46206
CAT	A	T	0	2.3466e-09	0	3	1	3	7	3
CAT	A	T	0	2.3466e-09	0	3	2	3	3	2
CAT	A	T	0	2.3466e-09	0	3	3	3	2	2
CAT	A	T	0	2.3466e-09	0	3	3	5	1	1
CAT	A	T	0	2.3466e-09	1	3	0	3	4	1
CAT	A	T	0	2.3466e-09	1	3	3	3	1	0
CAT	A	T	0	2.3466e-09	1	5	0	3	1	0
CAT	A	T	0	2.3466e-09	1	8	0	3	1	0
CAT	A	T	0	2.3466e-09	2	3	0	3	6	2
CAT	A	T	0	2.3466e-09	2	3	1	3	1	0
CAT	A	T	0	2.3466e-09	2	3	2	3	1	1
CAT	A	T	0	2.3466e-09	3	3	0	3	5	2
CAT	A	T	0	2.3466e-09	4	3	0	3	1	0
CAT	A	T	0	2.3466e-09	9	8	0	3	1	1
CAT	A	T	0	2.3466e-09	NA	NA	NA	NA	18759	10755
CCA	C	A	0	2.1462e-09	0	3	1	3	1	1
CCA	C	A	0	2.1462e-09	0	3	1	5	1	1
CCA	C	A	0	2.1462e-09	0	3	2	3	3	1
CCA	C	A	0	2.1462e-09	0	4	0	3	2	2
CCA	C	A	0	2.1462e-09	1	3	0	3	7	4
CCA	C	A	0	2.1462e-09	1	3	1	3	3	2
CCA	C	A	0	2.1462e-09	1	4	0	3	1	0
CCA	C	A	0	2.1462e-09	2	3	0	3	2	1
CCA	C	A	0	2.1462e-09	3	3	0	3	2	2
CCA	C	A	0	2.1462e-09	4	3	0	3	2	1
CCA	C	A	0	2.1462e-09	NA	NA	NA	NA	16320	9124
CCA	C	G	0	1.7760e-09	0	3	1	3	19	11
CCA	C	G	0	1.7760e-09	0	3	1	4	1	1
CCA	C	G	0	1.7760e-09	0	3	2	3	5	4
CCA	C	G	0	1.7760e-09	0	3	3	3	1	1
CCA	C	G	0	1.7760e-09	1	3	0	3	13	6
CCA	C	G	0	1.7760e-09	1	3	1	3	5	2
CCA	C	G	0	1.7760e-09	1	3	2	3	2	0
CCA	C	G	0	1.7760e-09	1	5	0	3	1	1
CCA	C	G	0	1.7760e-09	1	8	0	3	1	0
CCA	C	G	0	1.7760e-09	2	3	0	3	10	5
CCA	C	G	0	1.7760e-09	2	3	2	3	1	0
CCA	C	G	0	1.7760e-09	3	3	0	3	1	1
CCA	C	G	0	1.7760e-09	3	3	1	3	1	1
CCA	C	G	0	1.7760e-09	3	3	3	3	1	1
CCA	C	G	0	1.7760e-09	4	3	0	3	2	1
CCA	C	G	0	1.7760e-09	NA	NA	NA	NA	13115	7303
CCA	C	T	0	6.7244e-09	0	3	0	3	4	2
CCA	C	T	0	6.7244e-09	0	3	0	4	10	7
CCA	C	T	0	6.7244e-09	0	3	0	5	2	1
CCA	C	T	0	6.7244e-09	0	3	0	8	2	2
CCA	C	T	0	6.7244e-09	0	3	1	3	23	12
CCA	C	T	0	6.7244e-09	0	3	2	3	18	12
CCA	C	T	0	6.7244e-09	0	3	3	3	7	4
CCA	C	T	0	6.7244e-09	0	3	3	6	1	0
CCA	C	T	0	6.7244e-09	0	3	4	3	5	2
CCA	C	T	0	6.7244e-09	0	3	4	5	1	0
CCA	C	T	0	6.7244e-09	0	3	5	3	1	0
CCA	C	T	0	6.7244e-09	0	3	6	3	1	1
CCA	C	T	0	6.7244e-09	0	4	0	3	1	1
CCA	C	T	0	6.7244e-09	0	5	0	3	1	0
CCA	C	T	0	6.7244e-09	1	3	0	3	27	19
CCA	C	T	0	6.7244e-09	1	3	1	3	3	1
CCA	C	T	0	6.7244e-09	1	3	3	3	2	1
CCA	C	T	0	6.7244e-09	1	3	5	3	1	0
CCA	C	T	0	6.7244e-09	1	4	0	3	2	2
CCA	C	T	0	6.7244e-09	1	6	0	3	1	1
CCA	C	T	0	6.7244e-09	2	3	0	3	20	12
CCA	C	T	0	6.7244e-09	2	3	1	3	1	0
CCA	C	T	0	6.7244e-09	3	3	0	3	11	5
CCA	C	T	0	6.7244e-09	3	3	1	3	1	1
CCA	C	T	0	6.7244e-09	4	3	0	3	11	8
CCA	C	T	0	6.7244e-09	5	3	0	3	4	4
CCA	C	T	0	6.7244e-09	6	3	0	3	4	4
CCA	C	T	0	6.7244e-09	6	3	3	3	1	0
CCA	C	T	0	6.7244e-09	6	4	0	3	1	1
CCA	C	T	0	6.7244e-09	9	3	0	3	2	0
CCA	C	T	0	6.7244e-09	9	8	0	3	1	0
CCA	C	T	0	6.7244e-09	NA	NA	NA	NA	52427	29209
CCC	C	A	0	3.0275e-09	0	3	0	4	2	1
CCC	C	A	0	3.0275e-09	0	3	1	3	14	8
CCC	C	A	0	3.0275e-09	0	3	2	3	5	3
CCC	C	A	0	3.0275e-09	0	3	3	3	4	3
CCC	C	A	0	3.0275e-09	0	3	4	3	1	1
CCC	C	A	0	3.0275e-09	0	3	5	3	1	1
CCC	C	A	0	3.0275e-09	0	3	6	3	1	0
CCC	C	A	0	3.0275e-09	0	4	0	3	2	1
CCC	C	A	0	3.0275e-09	1	3	0	3	15	10
CCC	C	A	0	3.0275e-09	1	3	1	3	3	1
CCC	C	A	0	3.0275e-09	1	3	2	3	2	2
CCC	C	A	0	3.0275e-09	1	3	3	3	1	1
CCC	C	A	0	3.0275e-09	1	3	4	3	1	1
CCC	C	A	0	3.0275e-09	2	3	0	3	15	10
CCC	C	A	0	3.0275e-09	3	3	0	3	2	2
CCC	C	A	0	3.0275e-09	NA	NA	NA	NA	16331	8898
CCC	C	G	0	3.2054e-09	0	3	0	3	2	1
CCC	C	G	0	3.2054e-09	0	3	0	4	2	1
CCC	C	G	0	3.2054e-09	0	3	1	3	40	22
CCC	C	G	0	3.2054e-09	0	3	1	4	1	1
CCC	C	G	0	3.2054e-09	0	3	2	3	11	7
CCC	C	G	0	3.2054e-09	0	3	3	3	3	3
CCC	C	G	0	3.2054e-09	0	3	4	3	1	1
CCC	C	G	0	3.2054e-09	1	3	0	3	18	14
CCC	C	G	0	3.2054e-09	1	3	0	4	1	0
CCC	C	G	0	3.2054e-09	1	3	1	3	6	6
CCC	C	G	0	3.2054e-09	1	3	2	3	3	1
CCC	C	G	0	3.2054e-09	1	4	0	3	1	1
CCC	C	G	0	3.2054e-09	2	3	0	3	20	9
CCC	C	G	0	3.2054e-09	2	3	1	3	1	1
CCC	C	G	0	3.2054e-09	2	3	2	3	2	1
CCC	C	G	0	3.2054e-09	3	3	0	3	5	3
CCC	C	G	0	3.2054e-09	3	3	2	3	1	0
CCC	C	G	0	3.2054e-09	3	3	3	3	2	0
CCC	C	G	0	3.2054e-09	4	3	0	3	1	1
CCC	C	G	0	3.2054e-09	5	3	4	3	1	1
CCC	C	G	0	3.2054e-09	NA	NA	NA	NA	16235	8754
CCC	C	T	0	8.5724e-09	0	3	0	3	6	3
CCC	C	T	0	8.5724e-09	0	3	0	4	9	7
CCC	C	T	0	8.5724e-09	0	3	0	5	3	1
CCC	C	T	0	8.5724e-09	0	3	1	3	69	43
CCC	C	T	0	8.5724e-09	0	3	2	3	42	23
CCC	C	T	0	8.5724e-09	0	3	3	3	20	13
CCC	C	T	0	8.5724e-09	0	3	4	3	5	2
CCC	C	T	0	8.5724e-09	0	3	5	3	6	2
CCC	C	T	0	8.5724e-09	1	3	0	3	43	26
CCC	C	T	0	8.5724e-09	1	3	1	3	25	13
CCC	C	T	0	8.5724e-09	1	3	2	3	6	1
CCC	C	T	0	8.5724e-09	1	3	3	3	1	1
CCC	C	T	0	8.5724e-09	1	3	3	4	1	1
CCC	C	T	0	8.5724e-09	1	3	5	3	2	2
CCC	C	T	0	8.5724e-09	1	4	0	3	1	0
CCC	C	T	0	8.5724e-09	2	3	0	3	34	16
CCC	C	T	0	8.5724e-09	2	3	2	3	2	1
CCC	C	T	0	8.5724e-09	2	3	3	3	1	0
CCC	C	T	0	8.5724e-09	2	3	4	3	1	1
CCC	C	T	0	8.5724e-09	3	3	0	3	11	4
CCC	C	T	0	8.5724e-09	3	3	1	3	1	1
CCC	C	T	0	8.5724e-09	3	3	2	3	2	1
CCC	C	T	0	8.5724e-09	3	3	3	3	2	1
CCC	C	T	0	8.5724e-09	4	3	0	3	2	2
CCC	C	T	0	8.5724e-09	6	3	0	3	1	0
CCC	C	T	0	8.5724e-09	NA	NA	NA	NA	47485	26196
CCG	C	A	0	5.1901e-09	0	3	0	3	1	1
CCG	C	A	0	5.1901e-09	0	3	0	4	2	1
CCG	C	A	0	5.1901e-09	0	3	0	5	1	1
CCG	C	A	0	5.1901e-09	0	3	1	3	4	3
CCG	C	A	0	5.1901e-09	0	3	2	3	1	0
CCG	C	A	0	5.1901e-09	0	3	3	3	1	1
CCG	C	A	0	5.1901e-09	0	5	0	3	1	1
CCG	C	A	0	5.1901e-09	1	3	0	3	7	4
CCG	C	A	0	5.1901e-09	2	3	0	3	7	5
CCG	C	A	0	5.1901e-09	3	3	0	3	1	0
CCG	C	A	0	5.1901e-09	3	3	1	3	1	0
CCG	C	A	0	5.1901e-09	5	3	0	3	1	1
CCG	C	A	0	5.1901e-09	5	6	0	3	1	1
CCG	C	A	0	5.1901e-09	6	3	0	3	1	1
CCG	C	A	0	5.1901e-09	9	3	0	3	1	0
CCG	C	A	0	5.1901e-09	NA	NA	NA	NA	6527	3535
CCG	C	G	0	5.3627e-09	0	3	0	3	1	0
CCG	C	G	0	5.3627e-09	0	3	0	5	1	1
CCG	C	G	0	5.3627e-09	0	3	1	3	7	4
CCG	C	G	0	5.3627e-09	0	3	1	5	1	1
CCG	C	G	0	5.3627e-09	0	3	2	3	2	1
CCG	C	G	0	5.3627e-09	0	3	3	3	1	0
CCG	C	G	0	5.3627e-09	0	3	4	3	1	0
CCG	C	G	0	5.3627e-09	0	3	5	3	1	0
CCG	C	G	0	5.3627e-09	0	4	0	3	1	1
CCG	C	G	0	5.3627e-09	1	3	0	3	4	2
CCG	C	G	0	5.3627e-09	1	3	1	3	3	1
CCG	C	G	0	5.3627e-09	1	3	3	3	1	0
CCG	C	G	0	5.3627e-09	2	3	0	3	1	1
CCG	C	G	0	5.3627e-09	2	3	2	3	1	0
CCG	C	G	0	5.3627e-09	2	6	0	3	1	0
CCG	C	G	0	5.3627e-09	3	3	0	3	1	1
CCG	C	G	0	5.3627e-09	NA	NA	NA	NA	7044	3790
CCG	C	T	0	2.0993e-08	0	3	0	5	1	0
CCG	C	T	0	2.0993e-08	0	3	1	3	2	2
CCG	C	T	0	2.0993e-08	0	3	2	3	3	1
CCG	C	T	0	2.0993e-08	0	3	3	3	2	0
CCG	C	T	0	2.0993e-08	1	3	0	3	3	3
CCG	C	T	0	2.0993e-08	1	3	1	3	1	1
CCG	C	T	0	2.0993e-08	1	5	0	3	1	0
CCG	C	T	0	2.0993e-08	2	3	0	3	1	1
CCG	C	T	0	2.0993e-08	3	3	0	3	2	0
CCG	C	T	0	2.0993e-08	NA	NA	NA	NA	2330	1118
CCG	C	T	1	8.2387e-08	0	3	0	3	1	0
CCG	C	T	1	8.2387e-08	0	3	0	4	1	0
CCG	C	T	1	8.2387e-08	0	3	1	3	2	1
CCG	C	T	1	8.2387e-08	0	3	2	3	2	2
CCG	C	T	1	8.2387e-08	0	3	4	3	1	0
CCG	C	T	1	8.2387e-08	1	3	0	3	3	0
CCG	C	T	1	8.2387e-08	1	3	1	3	1	0
CCG	C	T	1	8.2387e-08	1	4	0	3	1	1
CCG	C	T	1	8.2387e-08	2	3	0	3	3	0
CCG	C	T	1	8.2387e-08	3	3	0	3	1	0
CCG	C	T	1	8.2387e-08	5	3	0	3	2	2
CCG	C	T	1	8.2387e-08	6	3	0	3	2	0
CCG	C	T	1	8.2387e-08	NA	NA	NA	NA	4958	1548
CCG	C	T	2	1.2483e-07	0	3	0	3	19	9
CCG	C	T	2	1.2483e-07	0	3	0	4	13	5
CCG	C	T	2	1.2483e-07	0	3	0	5	5	1
CCG	C	T	2	1.2483e-07	0	3	0	6	7	4
CCG	C	T	2	1.2483e-07	0	3	1	3	48	17
CCG	C	T	2	1.2483e-07	0	3	1	4	2	1
CCG	C	T	2	1.2483e-07	0	3	1	6	1	1
CCG	C	T	2	1.2483e-07	0	3	1	8	1	1
CCG	C	T	2	1.2483e-07	0	3	2	3	24	7
CCG	C	T	2	1.2483e-07	0	3	3	3	10	5
CCG	C	T	2	1.2483e-07	0	3	4	3	9	6
CCG	C	T	2	1.2483e-07	0	3	4	4	1	0
CCG	C	T	2	1.2483e-07	0	3	5	3	4	2
CCG	C	T	2	1.2483e-07	0	3	6	3	2	1
CCG	C	T	2	1.2483e-07	0	3	6	4	1	0
CCG	C	T	2	1.2483e-07	0	4	0	3	14	6
CCG	C	T	2	1.2483e-07	0	5	0	3	1	1
CCG	C	T	2	1.2483e-07	0	6	0	3	1	1
CCG	C	T	2	1.2483e-07	1	3	0	3	67	31
CCG	C	T	2	1.2483e-07	1	3	1	3	7	4
CCG	C	T	2	1.2483e-07	1	3	2	3	5	2
CCG	C	T	2	1.2483e-07	1	3	3	3	2	1
CCG	C	T	2	1.2483e-07	1	3	4	3	2	0
CCG	C	T	2	1.2483e-07	1	3	5	3	1	0
CCG	C	T	2	1.2483e-07	1	3	6	3	1	0
CCG	C	T	2	1.2483e-07	1	4	0	3	2	2
CCG	C	T	2	1.2483e-07	1	5	0	3	1	1
CCG	C	T	2	1.2483e-07	1	6	0	3	2	1
CCG	C	T	2	1.2483e-07	2	3	0	3	65	22
CCG	C	T	2	1.2483e-07	2	3	2	3	1	1
CCG	C	T	2	1.2483e-07	3	3	0	3	39	9
CCG	C	T	2	1.2483e-07	3	3	1	3	2	0
CCG	C	T	2	1.2483e-07	3	3	2	3	1	0
CCG	C	T	2	1.2483e-07	3	4	0	3	2	1
CCG	C	T	2	1.2483e-07	4	3	0	3	46	21
CCG	C	T	2	1.2483e-07	4	3	1	3	1	0
CCG	C	T	2	1.2483e-07	5	3	0	3	17	7
CCG	C	T	2	1.2483e-07	5	3	2	3	1	0
CCG	C	T	2	1.2483e-07	5	4	0	3	1	0
CCG	C	T	2	1.2483e-07	6	3	0	3	17	9
CCG	C	T	2	1.2483e-07	6	4	0	3	1	0
CCG	C	T	2	1.2483e-07	6	5	0	3	1	1
CCG	C	T	2	1.2483e-07	6	8	0	3	1	0
CCG	C	T	2	1.2483e-07	9	3	0	3	12	3
CCG	C	T	2	1.2483e-07	9	4	0	3	3	2
CCG	C	T	2	1.2483e-07	9	6	0	3	2	1
CCG	C	T	2	1.2483e-07	NA	NA	NA	NA	92667	32235
CCT	C	A	0	1.7092e-09	0	3	0	4	1	0
CCT	C	A	0	1.7092e-09	0	3	0	5	1	0
CCT	C	A	0	1.7092e-09	0	3	0	8	1	1
CCT	C	A	0	1.7092e-09	0	3	0	9	1	1
CCT	C	A	0	1.7092e-09	0	3	1	3	6	1
CCT	C	A	0	1.7092e-09	0	3	2	3	1	1
CCT	C	A	0	1.7092e-09	0	3	2	4	1	1
CCT	C	A	0	1.7092e-09	0	3	4	6	1	1
CCT	C	A	0	1.7092e-09	1	3	0	3	1	0
CCT	C	A	0	1.7092e-09	1	3	0	6	1	0
CCT	C	A	0	1.7092e-09	1	3	1	3	1	1
CCT	C	A	0	1.7092e-09	1	3	2	3	2	0
CCT	C	A	0	1.7092e-09	2	3	0	3	8	5
CCT	C	A	0	1.7092e-09	2	8	0	3	1	1
CCT	C	A	0	1.7092e-09	3	3	0	3	1	0
CCT	C	A	0	1.7092e-09	3	9	0	3	1	0
CCT	C	A	0	1.7092e-09	4	3	0	3	1	1
CCT	C	A	0	1.7092e-09	6	9	0	3	2	2
CCT	C	A	0	1.7092e-09	9	9	0	3	1	1
CCT	C	A	0	1.7092e-09	NA	NA	NA	NA	12844	7298
CCT	C	G	0	2.6842e-09	0	3	0	3	1	0
CCT	C	G	0	2.6842e-09	0	3	0	4	1	1
CCT	C	G	0	2.6842e-09	0	3	0	6	1	1
CCT	C	G	0	2.6842e-09	0	3	0	9	1	1
CCT	C	G	0	2.6842e-09	0	3	1	3	32	15
CCT	C	G	0	2.6842e-09	0	3	1	9	1	1
CCT	C	G	0	2.6842e-09	0	3	2	3	12	5
CCT	C	G	0	2.6842e-09	0	3	3	3	6	4
CCT	C	G	0	2.6842e-09	0	3	5	3	1	1
CCT	C	G	0	2.6842e-09	0	4	0	3	1	0
CCT	C	G	0	2.6842e-09	0	6	0	3	1	0
CCT	C	G	0	2.6842e-09	0	8	0	3	1	1
CCT	C	G	0	2.6842e-09	1	3	0	3	18	10
CCT	C	G	0	2.6842e-09	1	3	1	3	4	2
CCT	C	G	0	2.6842e-09	1	3	2	3	4	1
CCT	C	G	0	2.6842e-09	1	3	2	9	1	1
CCT	C	G	0	2.6842e-09	1	3	3	3	1	1
CCT	C	G	0	2.6842e-09	1	8	1	3	1	1
CCT	C	G	0	2.6842e-09	2	3	0	3	11	3
CCT	C	G	0	2.6842e-09	2	3	1	3	1	1
CCT	C	G	0	2.6842e-09	3	3	0	3	3	1
CCT	C	G	0	2.6842e-09	3	3	2	3	3	2
CCT	C	G	0	2.6842e-09	3	8	0	3	1	1
CCT	C	G	0	2.6842e-09	4	3	0	3	3	1
CCT	C	G	0	2.6842e-09	9	9	0	3	2	1
CCT	C	G	0	2.6842e-09	NA	NA	NA	NA	18582	10672
CCT	C	T	0	8.1422e-09	0	3	0	3	4	3
CCT	C	T	0	8.1422e-09	0	3	0	4	5	1
CCT	C	T	0	8.1422e-09	0	3	0	6	2	2
CCT	C	T	0	8.1422e-09	0	3	0	8	2	0
CCT	C	T	0	8.1422e-09	0	3	0	9	3	3
CCT	C	T	0	8.1422e-09	0	3	1	3	33	18
CCT	C	T	0	8.1422e-09	0	3	1	6	1	1
CCT	C	T	0	8.1422e-09	0	3	2	3	21	13
CCT	C	T	0	8.1422e-09	0	3	2	8	1	1
CCT	C	T	0	8.1422e-09	0	3	3	3	9	6
CCT	C	T	0	8.1422e-09	0	3	4	3	1	1
CCT	C	T	0	8.1422e-09	0	3	5	3	3	1
CCT	C	T	0	8.1422e-09	0	3	6	3	1	1
CCT	C	T	0	8.1422e-09	0	4	0	3	2	1
CCT	C	T	0	8.1422e-09	1	3	0	3	30	16
CCT	C	T	0	8.1422e-09	1	3	0	4	1	1
CCT	C	T	0	8.1422e-09	1	3	0	5	1	1
CCT	C	T	0	8.1422e-09	1	3	1	3	7	4
CCT	C	T	0	8.1422e-09	1	3	1	6	1	0
CCT	C	T	0	8.1422e-09	1	3	2	3	5	2
CCT	C	T	0	8.1422e-09	1	3	3	3	1	1
CCT	C	T	0	8.1422e-09	1	3	3	6	1	1
CCT	C	T	0	8.1422e-09	1	3	5	3	1	0
CCT	C	T	0	8.1422e-09	1	8	0	3	1	0
CCT	C	T	0	8.1422e-09	2	3	0	3	35	17
CCT	C	T	0	8.1422e-09	2	3	1	3	3	2
CCT	C	T	0	8.1422e-09	2	3	2	3	1	0
CCT	C	T	0	8.1422e-09	3	3	0	3	7	6
CCT	C	T	0	8.1422e-09	4	3	0	3	2	2
CCT	C	T	0	8.1422e-09	4	3	2	3	2	0
CCT	C	T	0	8.1422e-09	4	8	0	3	1	0
CCT	C	T	0	8.1422e-09	5	3	0	3	1	0
CCT	C	T	0	8.1422e-09	5	9	0	3	1	1
CCT	C	T	0	8.1422e-09	6	3	0	3	1	0
CCT	C	T	0	8.1422e-09	6	9	0	3	3	3
CCT	C	T	0	8.1422e-09	9	9	0	3	3	3
CCT	C	T	0	8.1422e-09	NA	NA	NA	NA	61076	33583
GAA	A	C	0	1.2103e-09	0	3	0	3	1	1
GAA	A	C	0	1.2103e-09	0	3	1	3	2	2
GAA	A	C	0	1.2103e-09	0	6	0	3	1	1
GAA	A	C	0	1.2103e-09	1	3	0	3	2	1
GAA	A	C	0	1.2103e-09	1	3	4	3	1	0
GAA	A	C	0	1.2103e-09	1	6	0	3	1	0
GAA	A	C	0	1.2103e-09	2	3	0	3	1	1
GAA	A	C	0	1.2103e-09	2	3	2	3	1	0
GAA	A	C	0	1.2103e-09	3	3	0	3	2	0
GAA	A	C	0	1.2103e-09	4	3	0	3	1	0
GAA	A	C	0	1.2103e-09	NA	NA	NA	NA	10502	5927
GAA	A	G	0	3.0181e-09	0	3	0	3	2	1
GAA	A	G	0	3.0181e-09	0	3	0	4	1	1
GAA	A	G	0	3.0181e-09	0	3	1	3	5	2
GAA	A	G	0	3.0181e-09	0	3	3	3	1	1
GAA	A	G	0	3.0181e-09	0	4	0	3	2	0
GAA	A	G	0	3.0181e-09	1	3	0	3	4	3
GAA	A	G	0	3.0181e-09	1	3	1	3	2	2
GAA	A	G	0	3.0181e-09	1	3	2	3	1	1
GAA	A	G	0	3.0181e-09	1	4	0	3	1	1
GAA	A	G	0	3.0181e-09	2	3	0	3	2	0
GAA	A	G	0	3.0181e-09	2	3	1	3	1	1
GAA	A	G	0	3.0181e-09	2	3	2	3	1	1
GAA	A	G	0	3.0181e-09	2	4	0	3	1	0
GAA	A	G	0	3.0181e-09	3	3	0	3	3	1
GAA	A	G	0	3.0181e-09	3	3	3	3	1	1
GAA	A	G	0	3.0181e-09	4	3	0	3	3	0
GAA	A	G	0	3.0181e-09	NA	NA	NA	NA	25410	13775
GAA	A	T	0	9.4166e-10	0	3	0	3	1	0
GAA	A	T	0	9.4166e-10	0	3	1	3	9	5
GAA	A	T	0	9.4166e-10	0	3	2	3	4	3
GAA	A	T	0	9.4166e-10	0	3	3	3	4	3
GAA	A	T	0	9.4166e-10	0	3	4	3	1	1
GAA	A	T	0	9.4166e-10	0	3	5	3	1	0
GAA	A	T	0	9.4166e-10	0	3	6	3	5	2
GAA	A	T	0	9.4166e-10	0	4	0	3	2	2
GAA	A	T	0	9.4166e-10	1	3	0	3	1	0
GAA	A	T	0	9.4166e-10	1	3	1	3	1	0
GAA	A	T	0	9.4166e-10	1	3	6	3	1	0
GAA	A	T	0	9.4166e-10	1	4	0	3	1	0
GAA	A	T	0	9.4166e-10	4	3	1	3	1	1
GAA	A	T	0	9.4166e-10	NA	NA	NA	NA	8145	4780
GAC	A	C	0	1.0495e-09	0	3	0	6	2	2
GAC	A	C	0	1.0495e-09	0	3	4	3	1	1
GAC	A	C	0	1.0495e-09	0	4	0	3	1	1
GAC	A	C	0	1.0495e-09	0	6	0	3	1	1
GAC	A	C	0	1.0495e-09	1	3	0	3	1	1
GAC	A	C	0	1.0495e-09	4	3	0	3	1	1
GAC	A	C	0	1.0495e-09	NA	NA	NA	NA	4598	2581
GAC	A	G	0	4.2353e-09	0	3	0	3	1	1
GAC	A	G	0	4.2353e-09	0	3	0	5	1	0
GAC	A	G	0	4.2353e-09	0	3	0	6	1	1
GAC	A	G	0	4.2353e-09	0	3	1	3	2	2
GAC	A	G	0	4.2353e-09	0	3	2	3	2	0
GAC	A	G	0	4.2353e-09	0	4	0	3	2	1
GAC	A	G	0	4.2353e-09	1	3	0	3	2	1
GAC	A	G	0	4.2353e-09	2	3	0	3	3	1
GAC	A	G	0	4.2353e-09	2	3	1	3	1	1
GAC	A	G	0	4.2353e-09	NA	NA	NA	NA	18405	10093
GAC	A	T	0	1.8684e-09	0	3	0	3	1	1
GAC	A	T	0	1.8684e-09	0	3	0	4	2	1
GAC	A	T	0	1.8684e-09	0	3	1	3	2	1
GAC	A	T	0	1.8684e-09	0	3	2	3	4	4
GAC	A	T	0	1.8684e-09	0	3	3	3	1	1
GAC	A	T	0	1.8684e-09	0	3	4	3	1	0
GAC	A	T	0	1.8684e-09	1	3	0	3	5	2
GAC	A	T	0	1.8684e-09	1	3	1	3	2	1
GAC	A	T	0	1.8684e-09	1	3	2	3	1	0
GAC	A	T	0	1.8684e-09	1	4	0	3	2	2
GAC	A	T	0	1.8684e-09	2	3	0	3	3	1
GAC	A	T	0	1.8684e-09	4	3	0	3	1	0
GAC	A	T	0	1.8684e-09	NA	NA	NA	NA	7686	4339
GAG	A	C	0	1.2532e-09	0	3	0	5	1	1
GAG	A	C	0	1.2532e-09	0	3	0	8	1	1
GAG	A	C	0	1.2532e-09	0	3	1	3	2	2
GAG	A	C	0	1.2532e-09	0	3	2	3	1	0
GAG	A	C	0	1.2532e-09	0	6	0	3	2	0
GAG	A	C	0	1.2532e-09	1	3	0	3	5	3
GAG	A	C	0	1.2532e-09	1	3	1	3	3	1
GAG	A	C	0	1.2532e-09	1	4	0	3	1	0
GAG	A	C	0	1.2532e-09	2	3	0	3	3	1
GAG	A	C	0	1.2532e-09	3	3	0	3	2	1
GAG	A	C	0	1.2532e-09	NA	NA	NA	NA	8778	4880
GAG	A	G	0	3.1245e-09	0	3	0	3	5	4
GAG	A	G	0	3.1245e-09	0	3	0	4	7	5
GAG	A	G	0	3.1245e-09	0	3	1	3	6	4
GAG	A	G	0	3.1245e-09	0	3	1	4	1	0
GAG	A	G	0	3.1245e-09	0	3	2	3	2	1
GAG	A	G	0	3.1245e-09	0	3	3	3	1	0
GAG	A	G	0	3.1245e-09	0	3	4	3	1	0
GAG	A	G	0	3.1245e-09	0	3	5	4	1	1
GAG	A	G	0	3.1245e-09	0	4	0	3	2	1
GAG	A	G	0	3.1245e-09	0	6	0	3	1	0
GAG	A	G	0	3.1245e-09	1	3	0	3	7	4
GAG	A	G	0	3.1245e-09	1	3	1	3	2	1
GAG	A	G	0	3.1245e-09	1	3	2	3	1	1
GAG	A	G	0	3.1245e-09	1	4	0	3	2	1
GAG	A	G	0	3.1245e-09	1	5	0	3	1	0
GAG	A	G	0	3.1245e-09	2	3	0	3	2	1
GAG	A	G	0	3.1245e-09	3	3	0	3	1	0
GAG	A	G	0	3.1245e-09	NA	NA	NA	NA	23286	13277
GAG	A	T	0	1.1340e-09	0	3	0	3	1	0
GAG	A	T	0	1.1340e-09	0	3	0	9	1	0
GAG	A	T	0	1.1340e-09	0	3	1	3	5	3
GAG	A	T	0	1.1340e-09	0	3	2	3	5	3
GAG	A	T	0	1.1340e-09	0	3	3	3	1	0
GAG	A	T	0	1.1340e-09	0	3	5	3	2	0
GAG	A	T	0	1.1340e-09	1	3	0	3	4	3
GAG	A	T	0	1.1340e-09	1	3	1	3	1	0
GAG	A	T	0	1.1340e-09	1	3	4	3	1	1
GAG	A	T	0	1.1340e-09	1	4	0	3	1	1
GAG	A	T	0	1.1340e-09	2	3	0	3	2	1
GAG	A	T	0	1.1340e-09	3	4	0	3	1	1
GAG	A	T	0	1.1340e-09	NA	NA	NA	NA	8180	4657
GAT	A	C	0	1.0943e-09	0	4	0	3	1	0
GAT	A	C	0	1.0943e-09	1	3	0	3	2	1
GAT	A	C	0	1.0943e-09	1	3	1	3	1	1
GAT	A	C	0	1.0943e-09	1	4	0	3	1	1
GAT	A	C	0	1.0943e-09	2	3	0	3	2	1
GAT	A	C	0	1.0943e-09	3	3	0	3	1	0
GAT	A	C	0	1.0943e-09	9	3	0	3	1	1
GAT	A	C	0	1.0943e-09	NA	NA	NA	NA	6523	3655
GAT	A	G	0	5.3443e-09	0	3	0	3	5	2
GAT	A	G	0	5.3443e-09	0	3	0	4	4	3
GAT	A	G	0	5.3443e-09	0	3	1	3	28	16
GAT	A	G	0	5.3443e-09	0	3	1	4	1	0
GAT	A	G	0	5.3443e-09	0	3	2	3	23	14
GAT	A	G	0	5.3443e-09	0	3	3	3	12	8
GAT	A	G	0	5.3443e-09	0	3	4	3	9	7
GAT	A	G	0	5.3443e-09	0	3	5	3	11	6
GAT	A	G	0	5.3443e-09	0	3	6	3	6	3
GAT	A	G	0	5.3443e-09	0	3	9	6	1	1
GAT	A	G	0	5.3443e-09	0	4	0	3	1	0
GAT	A	G	0	5.3443e-09	1	3	0	3	3	1
GAT	A	G	0	5.3443e-09	1	3	1	3	10	3
GAT	A	G	0	5.3443e-09	1	3	2	3	3	3
GAT	A	G	0	5.3443e-09	1	3	3	3	2	2
GAT	A	G	0	5.3443e-09	1	3	4	3	1	0
GAT	A	G	0	5.3443e-09	1	3	6	3	2	2
GAT	A	G	0	5.3443e-09	1	3	9	3	1	0
GAT	A	G	0	5.3443e-09	2	3	0	3	3	2
GAT	A	G	0	5.3443e-09	2	3	1	3	2	1
GAT	A	G	0	5.3443e-09	3	3	0	3	6	3
GAT	A	G	0	5.3443e-09	3	3	2	3	2	2
GAT	A	G	0	5.3443e-09	3	4	0	3	1	1
GAT	A	G	0	5.3443e-09	4	3	0	3	1	1
GAT	A	G	0	5.3443e-09	4	3	1	3	1	1
GAT	A	G	0	5.3443e-09	9	3	9	3	1	1
GAT	A	G	0	5.3443e-09	NA	NA	NA	NA	30746	16991
GAT	A	T	0	2.9242e-09	0	3	0	4	2	2
GAT	A	T	0	2.9242e-09	0	3	1	3	3	2
GAT	A	T	0	2.9242e-09	0	3	2	3	3	1
GAT	A	T	0	2.9242e-09	0	3	3	3	2	1
GAT	A	T	0	2.9242e-09	0	4	0	3	1	0
GAT	A	T	0	2.9242e-09	0	5	0	3	1	1
GAT	A	T	0	2.9242e-09	0	6	0	3	1	1
GAT	A	T	0	2.9242e-09	1	3	0	3	4	1
GAT	A	T	0	2.9242e-09	1	3	3	3	1	0
GAT	A	T	0	2.9242e-09	1	4	0	3	1	1
GAT	A	T	0	2.9242e-09	1	6	0	3	1	0
GAT	A	T	0	2.9242e-09	2	3	0	3	2	2
GAT	A	T	0	2.9242e-09	2	3	1	3	1	0
GAT	A	T	0	2.9242e-09	3	3	0	3	2	0
GAT	A	T	0	2.9242e-09	5	3	3	3	1	0
GAT	A	T	0	2.9242e-09	NA	NA	NA	NA	17190	9834
GCA	C	A	0	3.3394e-09	0	3	0	3	1	0
GCA	C	A	0	3.3394e-09	0	3	0	4	1	0
GCA	C	A	0	3.3394e-09	0	3	1	3	4	3
GCA	C	A	0	3.3394e-09	0	3	2	3	1	1
GCA	C	A	0	3.3394e-09	0	4	0	3	1	1
GCA	C	A	0	3.3394e-09	1	3	0	3	19	9
GCA	C	A	0	3.3394e-09	1	8	0	3	1	0
GCA	C	A	0	3.3394e-09	2	3	0	3	9	7
GCA	C	A	0	3.3394e-09	3	3	0	3	12	7
GCA	C	A	0	3.3394e-09	4	3	0	3	4	3
GCA	C	A	0	3.3394e-09	NA	NA	NA	NA	20331	11505
GCA	C	G	0	1.6675e-09	0	3	0	3	1	1
GCA	C	G	0	1.6675e-09	0	3	0	4	1	1
GCA	C	G	0	1.6675e-09	0	3	0	8	1	1
GCA	C	G	0	1.6675e-09	0	3	1	3	3	1
GCA	C	G	0	1.6675e-09	1	3	0	3	4	1
GCA	C	G	0	1.6675e-09	1	3	1	3	2	0
GCA	C	G	0	1.6675e-09	1	6	0	3	1	0
GCA	C	G	0	1.6675e-09	2	3	0	3	1	1
GCA	C	G	0	1.6675e-09	2	3	1	3	1	1
GCA	C	G	0	1.6675e-09	NA	NA	NA	NA	10221	5795
GCA	C	T	0	6.8845e-09	0	3	0	3	6	5
GCA	C	T	0	6.8845e-09	0	3	0	4	4	4
GCA	C	T	0	6.8845e-09	0	3	1	3	73	43
GCA	C	T	0	6.8845e-09	0	3	1	4	2	2
GCA	C	T	0	6.8845e-09	0	3	2	3	62	33
GCA	C	T	0	6.8845e-09	0	3	2	4	1	1
GCA	C	T	0	6.8845e-09	0	3	3	3	44	26
GCA	C	T	0	6.8845e-09	0	3	4	3	24	15
GCA	C	T	0	6.8845e-09	0	3	4	4	1	0
GCA	C	T	0	6.8845e-09	0	3	5	3	6	4
GCA	C	T	0	6.8845e-09	0	3	6	3	11	9
GCA	C	T	0	6.8845e-09	0	3	6	6	1	0
GCA	C	T	0	6.8845e-09	0	3	6	8	1	0
GCA	C	T	0	6.8845e-09	0	3	9	4	1	1
GCA	C	T	0	6.8845e-09	0	4	0	3	3	2
GCA	C	T	0	6.8845e-09	1	3	0	3	22	9
GCA	C	T	0	6.8845e-09	1	3	1	3	10	6
GCA	C	T	0	6.8845e-09	1	3	2	3	6	5
GCA	C	T	0	6.8845e-09	1	3	3	3	1	1
GCA	C	T	0	6.8845e-09	1	3	4	3	4	2
GCA	C	T	0	6.8845e-09	1	3	5	3	2	0
GCA	C	T	0	6.8845e-09	1	3	6	3	2	2
GCA	C	T	0	6.8845e-09	1	4	0	3	1	0
GCA	C	T	0	6.8845e-09	2	3	0	3	7	4
GCA	C	T	0	6.8845e-09	2	3	4	3	1	0
GCA	C	T	0	6.8845e-09	3	3	0	3	2	2
GCA	C	T	0	6.8845e-09	4	3	0	3	4	2
GCA	C	T	0	6.8845e-09	4	3	2	3	1	0
GCA	C	T	0	6.8845e-09	6	3	0	3	1	0
GCA	C	T	0	6.8845e-09	NA	NA	NA	NA	42148	23340
GCC	C	A	0	3.7538e-09	0	3	0	4	1	0
GCC	C	A	0	3.7538e-09	0	3	1	3	10	6
GCC	C	A	0	3.7538e-09	0	3	2	3	7	6
GCC	C	A	0	3.7538e-09	0	3	2	4	1	0
GCC	C	A	0	3.7538e-09	1	3	0	3	12	5
GCC	C	A	0	3.7538e-09	1	4	0	3	1	0
GCC	C	A	0	3.7538e-09	2	3	0	3	9	6
GCC	C	A	0	3.7538e-09	3	3	0	3	4	3
GCC	C	A	0	3.7538e-09	NA	NA	NA	NA	19247	11152
GCC	C	G	0	2.2808e-09	0	3	0	3	1	1
GCC	C	G	0	2.2808e-09	0	3	0	4	1	1
GCC	C	G	0	2.2808e-09	0	3	1	3	3	2
GCC	C	G	0	2.2808e-09	0	3	3	3	2	2
GCC	C	G	0	2.2808e-09	1	3	0	3	7	5
GCC	C	G	0	2.2808e-09	1	3	2	3	1	0
GCC	C	G	0	2.2808e-09	1	6	0	3	1	1
GCC	C	G	0	2.2808e-09	2	3	0	3	5	4
GCC	C	G	0	2.2808e-09	2	3	2	3	1	1
GCC	C	G	0	2.2808e-09	NA	NA	NA	NA	11609	6553
GCC	C	T	0	8.6359e-09	0	3	0	3	2	1
GCC	C	T	0	8.6359e-09	0	3	0	4	1	0
GCC	C	T	0	8.6359e-09	0	3	1	3	38	19
GCC	C	T	0	8.6359e-09	0	3	2	3	19	12
GCC	C	T	0	8.6359e-09	0	3	3	3	3	3
GCC	C	T	0	8.6359e-09	0	3	3	6	1	1
GCC	C	T	0	8.6359e-09	0	3	4	3	3	3
GCC	C	T	0	8.6359e-09	0	3	5	3	1	0
GCC	C	T	0	8.6359e-09	0	4	0	3	1	1
GCC	C	T	0	8.6359e-09	1	3	0	3	26	14
GCC	C	T	0	8.6359e-09	1	3	1	3	14	7
GCC	C	T	0	8.6359e-09	1	3	2	3	1	0
GCC	C	T	0	8.6359e-09	1	3	3	3	3	3
GCC	C	T	0	8.6359e-09	1	3	4	3	1	1
GCC	C	T	0	8.6359e-09	2	3	0	3	14	7
GCC	C	T	0	8.6359e-09	2	3	1	3	2	2
GCC	C	T	0	8.6359e-09	3	3	0	3	4	3
GCC	C	T	0	8.6359e-09	4	3	0	3	6	5
GCC	C	T	0	8.6359e-09	6	4	0	3	1	1
GCC	C	T	0	8.6359e-09	NA	NA	NA	NA	43419	23642
GCG	C	A	0	8.8520e-09	0	3	1	3	7	5
GCG	C	A	0	8.8520e-09	0	3	2	3	3	0
GCG	C	A	0	8.8520e-09	0	3	4	3	1	1
GCG	C	A	0	8.8520e-09	1	3	0	3	6	5
GCG	C	A	0	8.8520e-09	1	3	2	3	1	1
GCG	C	A	0	8.8520e-09	2	3	0	3	3	3
GCG	C	A	0	8.8520e-09	3	3	0	3	2	0
GCG	C	A	0	8.8520e-09	4	3	0	3	2	2
GCG	C	A	0	8.8520e-09	9	3	0	3	1	1
GCG	C	A	0	8.8520e-09	NA	NA	NA	NA	9380	5151
GCG	C	G	0	3.9695e-09	0	3	0	3	1	0
GCG	C	G	0	3.9695e-09	0	3	1	3	6	4
GCG	C	G	0	3.9695e-09	0	3	2	3	2	1
GCG	C	G	0	3.9695e-09	0	3	4	3	1	0
GCG	C	G	0	3.9695e-09	0	5	0	3	1	0
GCG	C	G	0	3.9695e-09	1	3	0	3	2	2
GCG	C	G	0	3.9695e-09	2	3	0	3	1	1
GCG	C	G	0	3.9695e-09	4	3	0	3	1	1
GCG	C	G	0	3.9695e-09	NA	NA	NA	NA	4421	2397
GCG	C	T	0	1.4846e-08	0	3	0	4	1	0
GCG	C	T	0	1.4846e-08	0	3	1	3	6	5
GCG	C	T	0	1.4846e-08	0	3	2	3	8	5
GCG	C	T	0	1.4846e-08	0	3	3	3	2	1
GCG	C	T	0	1.4846e-08	0	3	4	3	2	0
GCG	C	T	0	1.4846e-08	0	3	6	3	2	2
GCG	C	T	0	1.4846e-08	1	3	3	3	1	1
GCG	C	T	0	1.4846e-08	1	3	6	3	1	1
GCG	C	T	0	1.4846e-08	NA	NA	NA	NA	1663	840
GCG	C	T	1	7.0178e-08	0	3	0	3	1	0
GCG	C	T	1	7.0178e-08	0	3	0	4	1	0
GCG	C	T	1	7.0178e-08	0	3	2	3	1	0
GCG	C	T	1	7.0178e-08	0	3	4	3	1	1
GCG	C	T	1	7.0178e-08	0	3	5	3	2	0
GCG	C	T	1	7.0178e-08	1	3	0	3	1	0
GCG	C	T	1	7.0178e-08	1	3	1	3	1	1
GCG	C	T	1	7.0178e-08	1	4	0	3	1	0
GCG	C	T	1	7.0178e-08	NA	NA	NA	NA	2848	772
GCG	C	T	2	1.2296e-07	0	3	0	3	8	4
GCG	C	T	2	1.2296e-07	0	3	0	4	9	4
GCG	C	T	2	1.2296e-07	0	3	0	5	1	1
GCG	C	T	2	1.2296e-07	0	3	1	3	77	26
GCG	C	T	2	1.2296e-07	0	3	1	4	1	0
GCG	C	T	2	1.2296e-07	0	3	1	6	1	0
GCG	C	T	2	1.2296e-07	0	3	2	3	54	19
GCG	C	T	2	1.2296e-07	0	3	2	5	1	1
GCG	C	T	2	1.2296e-07	0	3	3	3	29	11
GCG	C	T	2	1.2296e-07	0	3	3	6	1	0
GCG	C	T	2	1.2296e-07	0	3	4	3	12	7
GCG	C	T	2	1.2296e-07	0	3	5	3	4	1
GCG	C	T	2	1.2296e-07	0	3	6	3	8	2
GCG	C	T	2	1.2296e-07	0	3	6	4	1	0
GCG	C	T	2	1.2296e-07	0	3	9	3	2	1
GCG	C	T	2	1.2296e-07	0	4	0	3	6	3
GCG	C	T	2	1.2296e-07	1	3	0	3	22	8
GCG	C	T	2	1.2296e-07	1	3	0	4	1	1
GCG	C	T	2	1.2296e-07	1	3	0	5	1	1
GCG	C	T	2	1.2296e-07	1	3	1	3	6	3
GCG	C	T	2	1.2296e-07	1	3	2	3	5	1
GCG	C	T	2	1.2296e-07	1	3	3	3	5	3
GCG	C	T	2	1.2296e-07	1	3	4	3	2	2
GCG	C	T	2	1.2296e-07	1	3	6	3	3	2
GCG	C	T	2	1.2296e-07	1	4	0	3	4	1
GCG	C	T	2	1.2296e-07	2	3	0	3	30	11
GCG	C	T	2	1.2296e-07	3	3	0	3	16	5
GCG	C	T	2	1.2296e-07	4	3	0	3	2	2
GCG	C	T	2	1.2296e-07	4	3	3	3	1	1
GCG	C	T	2	1.2296e-07	5	3	0	3	2	1
GCG	C	T	2	1.2296e-07	NA	NA	NA	NA	75518	26266
GCT	C	A	0	2.0008e-09	0	3	1	3	4	3
GCT	C	A	0	2.0008e-09	0	3	3	3	1	0
GCT	C	A	0	2.0008e-09	1	3	0	3	5	5
GCT	C	A	0	2.0008e-09	1	8	0	3	1	0
GCT	C	A	0	2.0008e-09	2	3	0	3	2	2
GCT	C	A	0	2.0008e-09	3	3	0	3	2	1
GCT	C	A	0	2.0008e-09	5	9	0	3	1	0
GCT	C	A	0	2.0008e-09	9	3	0	3	1	1
GCT	C	A	0	2.0008e-09	NA	NA	NA	NA	11881	6782
GCT	C	G	0	2.3044e-09	0	3	0	8	1	0
GCT	C	G	0	2.3044e-09	0	3	1	3	22	11
GCT	C	G	0	2.3044e-09	0	3	2	3	25	14
GCT	C	G	0	2.3044e-09	0	3	2	4	1	1
GCT	C	G	0	2.3044e-09	0	3	3	3	14	9
GCT	C	G	0	2.3044e-09	0	3	4	3	8	6
GCT	C	G	0	2.3044e-09	0	3	5	3	2	2
GCT	C	G	0	2.3044e-09	0	3	6	3	4	2
GCT	C	G	0	2.3044e-09	0	3	9	3	1	1
GCT	C	G	0	2.3044e-09	1	3	0	3	4	2
GCT	C	G	0	2.3044e-09	1	3	1	3	2	2
GCT	C	G	0	2.3044e-09	1	3	2	3	3	2
GCT	C	G	0	2.3044e-09	1	3	3	3	3	2
GCT	C	G	0	2.3044e-09	1	3	6	3	1	0
GCT	C	G	0	2.3044e-09	2	3	0	3	6	6
GCT	C	G	0	2.3044e-09	2	3	1	3	1	0
GCT	C	G	0	2.3044e-09	3	3	0	3	3	2
GCT	C	G	0	2.3044e-09	4	3	0	3	2	1
GCT	C	G	0	2.3044e-09	4	3	3	3	1	0
GCT	C	G	0	2.3044e-09	5	3	0	3	1	1
GCT	C	G	0	2.3044e-09	6	3	6	3	1	1
GCT	C	G	0	2.3044e-09	NA	NA	NA	NA	12751	7324
GCT	C	T	0	7.7891e-09	0	3	0	3	4	2
GCT	C	T	0	7.7891e-09	0	3	0	4	3	1
GCT	C	T	0	7.7891e-09	0	3	0	6	1	1
GCT	C	T	0	7.7891e-09	0	3	1	3	13	6
GCT	C	T	0	7.7891e-09	0	3	2	3	18	10
GCT	C	T	0	7.7891e-09	0	3	2	4	1	0
GCT	C	T	0	7.7891e-09	0	3	3	3	2	0
GCT	C	T	0	7.7891e-09	0	3	4	3	2	1
GCT	C	T	0	7.7891e-09	0	3	5	3	1	1
GCT	C	T	0	7.7891e-09	0	3	5	6	1	1
GCT	C	T	0	7.7891e-09	0	3	6	3	1	0
GCT	C	T	0	7.7891e-09	1	3	0	3	18	10
GCT	C	T	0	7.7891e-09	1	3	1	3	5	3
GCT	C	T	0	7.7891e-09	1	3	2	3	1	1
GCT	C	T	0	7.7891e-09	1	3	3	3	1	1
GCT	C	T	0	7.7891e-09	1	3	4	3	1	1
GCT	C	T	0	7.7891e-09	1	4	0	3	1	1
GCT	C	T	0	7.7891e-09	1	8	0	3	1	1
GCT	C	T	0	7.7891e-09	2	3	0	3	24	12
GCT	C	T	0	7.7891e-09	3	3	0	3	8	4
GCT	C	T	0	7.7891e-09	4	3	0	3	1	1
GCT	C	T	0	7.7891e-09	4	3	2	3	1	1
GCT	C	T	0	7.7891e-09	4	9	0	3	1	0
GCT	C	T	0	7.7891e-09	5	3	0	3	3	3
GCT	C	T	0	7.7891e-09	5	3	2	3	1	1
GCT	C	T	0	7.7891e-09	5	8	0	3	1	1
GCT	C	T	0	7.7891e-09	6	3	0	3	1	0
GCT	C	T	0	7.7891e-09	NA	NA	NA	NA	45863	24722
TAA	A	C	0	1.3516e-09	0	3	0	3	2	2
TAA	A	C	0	1.3516e-09	0	3	0	9	1	1
TAA	A	C	0	1.3516e-09	0	3	1	3	6	3
TAA	A	C	0	1.3516e-09	0	3	1	8	1	0
TAA	A	C	0	1.3516e-09	0	3	2	3	2	1
TAA	A	C	0	1.3516e-09	0	3	3	3	1	0
TAA	A	C	0	1.3516e-09	0	3	4	3	2	1
TAA	A	C	0	1.3516e-09	0	6	0	3	1	1
TAA	A	C	0	1.3516e-09	1	3	0	3	8	5
TAA	A	C	0	1.3516e-09	1	3	0	8	1	1
TAA	A	C	0	1.3516e-09	1	3	1	3	1	1
TAA	A	C	0	1.3516e-09	1	3	3	3	1	1
TAA	A	C	0	1.3516e-09	2	3	0	3	6	4
TAA	A	C	0	1.3516e-09	2	3	1	3	1	1
TAA	A	C	0	1.3516e-09	3	3	0	3	2	1
TAA	A	C	0	1.3516e-09	4	3	0	3	1	1
TAA	A	C	0	1.3516e-09	6	4	0	3	1	1
TAA	A	C	0	1.3516e-09	NA	NA	NA	NA	12350	6999
TAA	A	G	0	4.1342e-09	0	3	0	3	3	2
TAA	A	G	0	4.1342e-09	0	3	0	4	2	1
TAA	A	G	0	4.1342e-09	0	3	0	5	1	1
TAA	A	G	0	4.1342e-09	0	3	1	3	17	9
TAA	A	G	0	4.1342e-09	0	3	2	3	6	5
TAA	A	G	0	4.1342e-09	0	3	3	3	3	1
TAA	A	G	0	4.1342e-09	0	3	4	3	1	0
TAA	A	G	0	4.1342e-09	0	4	0	3	3	3
TAA	A	G	0	4.1342e-09	1	3	0	3	17	11
TAA	A	G	0	4.1342e-09	1	3	0	4	1	0
TAA	A	G	0	4.1342e-09	1	3	1	3	10	7
TAA	A	G	0	4.1342e-09	1	3	2	3	1	0
TAA	A	G	0	4.1342e-09	1	3	3	3	1	1
TAA	A	G	0	4.1342e-09	1	4	0	3	2	1
TAA	A	G	0	4.1342e-09	1	5	0	3	1	0
TAA	A	G	0	4.1342e-09	2	3	0	3	16	9
TAA	A	G	0	4.1342e-09	2	3	1	3	2	0
TAA	A	G	0	4.1342e-09	2	3	2	3	1	1
TAA	A	G	0	4.1342e-09	3	3	0	3	7	6
TAA	A	G	0	4.1342e-09	3	3	1	3	2	1
TAA	A	G	0	4.1342e-09	3	3	2	3	1	1
TAA	A	G	0	4.1342e-09	4	3	0	3	1	0
TAA	A	G	0	4.1342e-09	4	3	2	3	1	0
TAA	A	G	0	4.1342e-09	4	4	0	3	1	1
TAA	A	G	0	4.1342e-09	NA	NA	NA	NA	38400	21400
TAA	A	T	0	1.8172e-09	0	3	0	3	1	1
TAA	A	T	0	1.8172e-09	0	3	0	5	1	1
TAA	A	T	0	1.8172e-09	0	3	0	6	1	1
TAA	A	T	0	1.8172e-09	0	3	1	3	3	1
TAA	A	T	0	1.8172e-09	0	3	2	3	5	3
TAA	A	T	0	1.8172e-09	0	4	0	3	1	0
TAA	A	T	0	1.8172e-09	1	3	0	3	3	2
TAA	A	T	0	1.8172e-09	2	3	0	3	5	2
TAA	A	T	0	1.8172e-09	3	3	0	3	2	0
TAA	A	T	0	1.8172e-09	4	3	0	3	1	1
TAA	A	T	0	1.8172e-09	NA	NA	NA	NA	14791	7292
TAC	A	C	0	1.0244e-09	0	3	0	9	1	1
TAC	A	C	0	1.0244e-09	0	3	1	3	5	3
TAC	A	C	0	1.0244e-09	0	3	5	3	1	0
TAC	A	C	0	1.0244e-09	1	3	0	3	3	1
TAC	A	C	0	1.0244e-09	1	3	1	3	1	1
TAC	A	C	0	1.0244e-09	2	3	0	3	1	1
TAC	A	C	0	1.0244e-09	3	3	0	3	2	2
TAC	A	C	0	1.0244e-09	NA	NA	NA	NA	4886	2712
TAC	A	G	0	6.1812e-09	0	3	0	4	3	2
TAC	A	G	0	6.1812e-09	0	3	0	5	1	1
TAC	A	G	0	6.1812e-09	0	3	0	6	1	1
TAC	A	G	0	6.1812e-09	0	3	0	8	1	0
TAC	A	G	0	6.1812e-09	0	3	0	9	5	4
TAC	A	G	0	6.1812e-09	0	3	1	3	6	3
TAC	A	G	0	6.1812e-09	0	3	1	9	2	2
TAC	A	G	0	6.1812e-09	0	3	2	3	3	2
TAC	A	G	0	6.1812e-09	0	3	3	3	1	1
TAC	A	G	0	6.1812e-09	0	3	4	3	1	1
TAC	A	G	0	6.1812e-09	0	3	4	9	1	1
TAC	A	G	0	6.1812e-09	1	3	0	3	6	3
TAC	A	G	0	6.1812e-09	1	3	1	3	7	3
TAC	A	G	0	6.1812e-09	1	3	1	6	1	0
TAC	A	G	0	6.1812e-09	1	3	2	3	1	1
TAC	A	G	0	6.1812e-09	1	4	0	3	1	1
TAC	A	G	0	6.1812e-09	2	3	0	3	11	5
TAC	A	G	0	6.1812e-09	2	3	1	3	1	0
TAC	A	G	0	6.1812e-09	3	3	0	3	2	1
TAC	A	G	0	6.1812e-09	3	3	2	3	1	0
TAC	A	G	0	6.1812e-09	3	3	3	3	1	0
TAC	A	G	0	6.1812e-09	4	3	0	3	1	1
TAC	A	G	0	6.1812e-09	4	3	4	3	1	1
TAC	A	G	0	6.1812e-09	NA	NA	NA	NA	31157	17188
TAC	A	T	0	1.1486e-09	0	3	0	4	1	0
TAC	A	T	0	1.1486e-09	0	3	1	3	2	2
TAC	A	T	0	1.1486e-09	0	3	1	9	1	1
TAC	A	T	0	1.1486e-09	0	3	2	3	1	1
TAC	A	T	0	1.1486e-09	1	3	0	3	3	2
TAC	A	T	0	1.1486e-09	1	3	1	3	1	1
TAC	A	T	0	1.1486e-09	1	3	2	3	1	0
TAC	A	T	0	1.1486e-09	1	3	3	9	1	0
TAC	A	T	0	1.1486e-09	2	3	0	3	5	4
TAC	A	T	0	1.1486e-09	3	3	0	3	1	1
TAC	A	T	0	1.1486e-09	3	3	1	3	1	1
TAC	A	T	0	1.1486e-09	NA	NA	NA	NA	5846	3301
TAG	A	C	0	1.0799e-09	0	3	0	3	1	0
TAG	A	C	0	1.0799e-09	0	3	1	3	2	1
TAG	A	C	0	1.0799e-09	0	3	2	3	1	1
TAG	A	C	0	1.0799e-09	1	3	0	3	3	2
TAG	A	C	0	1.0799e-09	1	3	2	3	1	0
TAG	A	C	0	1.0799e-09	2	3	0	3	4	1
TAG	A	C	0	1.0799e-09	3	3	0	3	2	1
TAG	A	C	0	1.0799e-09	4	3	0	3	1	1
TAG	A	C	0	1.0799e-09	NA	NA	NA	NA	5929	3306
TAG	A	G	0	5.1781e-09	0	3	0	4	3	3
TAG	A	G	0	5.1781e-09	0	3	0	6	1	1
TAG	A	G	0	5.1781e-09	0	3	1	3	12	6
TAG	A	G	0	5.1781e-09	0	3	2	3	8	5
TAG	A	G	0	5.1781e-09	0	3	3	3	5	4
TAG	A	G	0	5.1781e-09	0	3	5	4	1	1
TAG	A	G	0	5.1781e-09	0	3	6	3	1	0
TAG	A	G	0	5.1781e-09	0	5	0	3	1	0
TAG	A	G	0	5.1781e-09	0	9	0	3	1	0
TAG	A	G	0	5.1781e-09	1	3	0	3	13	8
TAG	A	G	0	5.1781e-09	1	3	1	3	9	7
TAG	A	G	0	5.1781e-09	1	3	2	3	7	2
TAG	A	G	0	5.1781e-09	1	3	3	3	1	1
TAG	A	G	0	5.1781e-09	1	8	0	3	2	2
TAG	A	G	0	5.1781e-09	2	3	0	3	16	9
TAG	A	G	0	5.1781e-09	2	3	1	3	1	1
TAG	A	G	0	5.1781e-09	2	3	2	3	3	2
TAG	A	G	0	5.1781e-09	2	3	3	3	1	1
TAG	A	G	0	5.1781e-09	2	9	0	3	1	1
TAG	A	G	0	5.1781e-09	3	3	0	3	7	3
TAG	A	G	0	5.1781e-09	3	3	2	3	1	0
TAG	A	G	0	5.1781e-09	3	9	0	3	2	0
TAG	A	G	0	5.1781e-09	4	3	0	3	1	1
TAG	A	G	0	5.1781e-09	4	3	3	3	1	0
TAG	A	G	0	5.1781e-09	5	3	0	3	2	2
TAG	A	G	0	5.1781e-09	9	9	0	3	1	1
TAG	A	G	0	5.1781e-09	NA	NA	NA	NA	28451	15770
TAG	A	T	0	1.0818e-09	0	3	1	3	2	2
TAG	A	T	0	1.0818e-09	0	3	2	8	1	0
TAG	A	T	0	1.0818e-09	0	4	0	3	1	1
TAG	A	T	0	1.0818e-09	0	6	0	3	1	1
TAG	A	T	0	1.0818e-09	1	3	0	3	1	1
TAG	A	T	0	1.0818e-09	2	3	0	3	2	1
TAG	A	T	0	1.0818e-09	2	3	1	3	1	1
TAG	A	T	0	1.0818e-09	3	3	0	3	1	0
TAG	A	T	0	1.0818e-09	4	9	0	3	1	0
TAG	A	T	0	1.0818e-09	NA	NA	NA	NA	5918	3372
TAT	A	C	0	1.1890e-09	0	3	1	3	2	1
TAT	A	C	0	1.1890e-09	0	3	2	3	1	1
TAT	A	C	0	1.1890e-09	0	3	4	3	1	0
TAT	A	C	0	1.1890e-09	1	3	0	3	4	1
TAT	A	C	0	1.1890e-09	1	3	2	3	1	1
TAT	A	C	0	1.1890e-09	2	3	0	3	2	2
TAT	A	C	0	1.1890e-09	2	3	1	3	2	2
TAT	A	C	0	1.1890e-09	3	3	0	3	3	3
TAT	A	C	0	1.1890e-09	5	3	0	3	1	0
TAT	A	C	0	1.1890e-09	NA	NA	NA	NA	10479	5696
TAT	A	G	0	1.1196e-08	0	3	0	4	3	2
TAT	A	G	0	1.1196e-08	0	3	0	6	2	2
TAT	A	G	0	1.1196e-08	0	3	0	9	1	1
TAT	A	G	0	1.1196e-08	0	3	1	3	22	11
TAT	A	G	0	1.1196e-08	0	3	1	5	1	0
TAT	A	G	0	1.1196e-08	0	3	2	3	17	10
TAT	A	G	0	1.1196e-08	0	3	3	3	7	3
TAT	A	G	0	1.1196e-08	0	3	3	6	1	1
TAT	A	G	0	1.1196e-08	0	3	4	3	5	4
TAT	A	G	0	1.1196e-08	0	3	5	3	2	1
TAT	A	G	0	1.1196e-08	0	3	6	3	1	0
TAT	A	G	0	1.1196e-08	0	4	0	3	1	0
TAT	A	G	0	1.1196e-08	1	3	0	3	19	15
TAT	A	G	0	1.1196e-08	1	3	1	3	12	4
TAT	A	G	0	1.1196e-08	1	3	2	3	3	2
TAT	A	G	0	1.1196e-08	1	3	4	6	1	1
TAT	A	G	0	1.1196e-08	1	3	5	3	2	2
TAT	A	G	0	1.1196e-08	1	3	6	3	1	0
TAT	A	G	0	1.1196e-08	1	4	0	3	1	1
TAT	A	G	0	1.1196e-08	2	3	0	3	18	14
TAT	A	G	0	1.1196e-08	2	3	1	3	4	1
TAT	A	G	0	1.1196e-08	3	3	0	3	6	5
TAT	A	G	0	1.1196e-08	3	3	1	3	1	1
TAT	A	G	0	1.1196e-08	3	3	3	3	1	1
TAT	A	G	0	1.1196e-08	3	3	4	3	1	1
TAT	A	G	0	1.1196e-08	4	3	0	3	3	2
TAT	A	G	0	1.1196e-08	4	3	3	3	1	1
TAT	A	G	0	1.1196e-08	NA	NA	NA	NA	96304	51372
TAT	A	T	0	1.8687e-09	0	3	0	3	1	0
TAT	A	T	0	1.8687e-09	0	3	0	6	1	0
TAT	A	T	0	1.8687e-09	0	3	0	8	1	1
TAT	A	T	0	1.8687e-09	0	3	0	9	1	1
TAT	A	T	0	1.8687e-09	0	3	1	3	1	1
TAT	A	T	0	1.8687e-09	1	3	0	3	5	4
TAT	A	T	0	1.8687e-09	2	3	0	3	4	4
TAT	A	T	0	1.8687e-09	3	3	0	3	5	2
TAT	A	T	0	1.8687e-09	4	3	0	3	3	2
TAT	A	T	0	1.8687e-09	5	3	0	3	2	1
TAT	A	T	0	1.8687e-09	NA	NA	NA	NA	16209	9023
TCA	C	A	0	2.3099e-09	0	3	0	3	1	1
TCA	C	A	0	2.3099e-09	0	3	1	3	5	3
TCA	C	A	0	2.3099e-09	0	3	2	3	3	2
TCA	C	A	0	2.3099e-09	0	3	2	4	1	1
TCA	C	A	0	2.3099e-09	0	3	3	3	1	0
TCA	C	A	0	2.3099e-09	0	4	0	3	1	1
TCA	C	A	0	2.3099e-09	0	5	0	3	1	1
TCA	C	A	0	2.3099e-09	0	6	0	3	1	0
TCA	C	A	0	2.3099e-09	1	3	0	3	6	2
TCA	C	A	0	2.3099e-09	1	3	2	3	1	1
TCA	C	A	0	2.3099e-09	1	3	5	3	1	1
TCA	C	A	0	2.3099e-09	2	3	0	3	5	1
TCA	C	A	0	2.3099e-09	3	3	0	3	5	3
TCA	C	A	0	2.3099e-09	4	3	0	3	2	1
TCA	C	A	0	2.3099e-09	5	6	0	3	1	0
TCA	C	A	0	2.3099e-09	NA	NA	NA	NA	17121	9791
TCA	C	G	0	2.1414e-09	0	3	0	3	3	2
TCA	C	G	0	2.1414e-09	0	3	0	4	1	1
TCA	C	G	0	2.1414e-09	0	3	0	6	1	0
TCA	C	G	0	2.1414e-09	0	3	1	3	7	3
TCA	C	G	0	2.1414e-09	0	3	2	3	5	4
TCA	C	G	0	2.1414e-09	0	3	3	3	1	0
TCA	C	G	0	2.1414e-09	0	3	4	3	1	1
TCA	C	G	0	2.1414e-09	0	3	5	3	1	1
TCA	C	G	0	2.1414e-09	0	3	6	3	2	2
TCA	C	G	0	2.1414e-09	0	8	0	3	1	0
TCA	C	G	0	2.1414e-09	1	3	0	3	12	5
TCA	C	G	0	2.1414e-09	1	3	1	3	1	1
TCA	C	G	0	2.1414e-09	2	3	0	3	5	2
TCA	C	G	0	2.1414e-09	2	3	1	3	1	1
TCA	C	G	0	2.1414e-09	4	3	0	3	2	1
TCA	C	G	0	2.1414e-09	5	3	0	3	1	0
TCA	C	G	0	2.1414e-09	NA	NA	NA	NA	17164	9824
TCA	C	T	0	5.7989e-09	0	3	0	3	5	2
TCA	C	T	0	5.7989e-09	0	3	0	4	5	5
TCA	C	T	0	5.7989e-09	0	3	1	3	27	18
TCA	C	T	0	5.7989e-09	0	3	1	4	1	1
TCA	C	T	0	5.7989e-09	0	3	2	3	22	16
TCA	C	T	0	5.7989e-09	0	3	3	3	13	12
TCA	C	T	0	5.7989e-09	0	3	4	3	2	1
TCA	C	T	0	5.7989e-09	0	3	5	3	2	1
TCA	C	T	0	5.7989e-09	0	4	0	3	4	3
TCA	C	T	0	5.7989e-09	0	5	0	3	1	1
TCA	C	T	0	5.7989e-09	0	6	0	3	4	3
TCA	C	T	0	5.7989e-09	0	8	0	3	1	1
TCA	C	T	0	5.7989e-09	1	3	0	3	8	4
TCA	C	T	0	5.7989e-09	1	3	1	3	1	1
TCA	C	T	0	5.7989e-09	1	3	2	3	3	1
TCA	C	T	0	5.7989e-09	1	3	3	3	1	1
TCA	C	T	0	5.7989e-09	1	3	4	3	1	1
TCA	C	T	0	5.7989e-09	2	3	0	3	13	9
TCA	C	T	0	5.7989e-09	3	3	0	3	3	1
TCA	C	T	0	5.7989e-09	4	3	3	3	1	0
TCA	C	T	0	5.7989e-09	5	3	3	3	1	0
TCA	C	T	0	5.7989e-09	NA	NA	NA	NA	48136	27128
TCC	C	A	0	2.5995e-09	0	3	0	4	2	1
TCC	C	A	0	2.5995e-09	0	3	1	3	27	13
TCC	C	A	0	2.5995e-09	0	3	2	3	22	14
TCC	C	A	0	2.5995e-09	0	3	3	3	8	4
TCC	C	A	0	2.5995e-09	0	3	4	3	7	6
TCC	C	A	0	2.5995e-09	0	3	5	3	5	2
TCC	C	A	0	2.5995e-09	0	3	6	3	10	6
TCC	C	A	0	2.5995e-09	0	3	6	4	1	1
TCC	C	A	0	2.5995e-09	0	3	9	3	1	1
TCC	C	A	0	2.5995e-09	1	3	0	3	4	2
TCC	C	A	0	2.5995e-09	1	3	1	3	2	0
TCC	C	A	0	2.5995e-09	1	3	2	3	5	1
TCC	C	A	0	2.5995e-09	1	3	3	3	1	0
TCC	C	A	0	2.5995e-09	1	3	4	3	1	1
TCC	C	A	0	2.5995e-09	1	3	6	3	1	1
TCC	C	A	0	2.5995e-09	1	4	0	3	1	1
TCC	C	A	0	2.5995e-09	1	8	0	3	1	0
TCC	C	A	0	2.5995e-09	2	3	0	3	4	1
TCC	C	A	0	2.5995e-09	3	3	0	3	1	0
TCC	C	A	0	2.5995e-09	3	3	4	3	1	1
TCC	C	A	0	2.5995e-09	5	3	3	3	1	1
TCC	C	A	0	2.5995e-09	6	3	0	3	1	0
TCC	C	A	0	2.5995e-09	6	4	0	3	1	1
TCC	C	A	0	2.5995e-09	NA	NA	NA	NA	16774	9757
TCC	C	G	0	2.5440e-09	0	3	0	3	3	1
TCC	C	G	0	2.5440e-09	0	3	0	4	1	1
TCC	C	G	0	2.5440e-09	0	3	1	3	6	4
TCC	C	G	0	2.5440e-09	0	3	1	6	1	1
TCC	C	G	0	2.5440e-09	1	3	0	3	2	1
TCC	C	G	0	2.5440e-09	1	3	1	3	2	1
TCC	C	G	0	2.5440e-09	2	3	0	3	4	1
TCC	C	G	0	2.5440e-09	2	3	2	3	1	0
TCC	C	G	0	2.5440e-09	2	4	0	3	1	0
TCC	C	G	0	2.5440e-09	3	3	0	3	1	1
TCC	C	G	0	2.5440e-09	5	3	0	3	1	1
TCC	C	G	0	2.5440e-09	NA	NA	NA	NA	16180	9447
TCC	C	T	0	7.6664e-09	0	3	0	3	4	3
TCC	C	T	0	7.6664e-09	0	3	0	4	1	0
TCC	C	T	0	7.6664e-09	0	3	0	6	1	0
TCC	C	T	0	7.6664e-09	0	3	1	3	20	11
TCC	C	T	0	7.6664e-09	0	3	2	3	4	3
TCC	C	T	0	7.6664e-09	0	3	3	3	2	1
TCC	C	T	0	7.6664e-09	0	3	4	3	1	0
TCC	C	T	0	7.6664e-09	0	3	5	3	1	1
TCC	C	T	0	7.6664e-09	0	4	0	3	1	1
TCC	C	T	0	7.6664e-09	0	6	0	3	1	1
TCC	C	T	0	7.6664e-09	1	3	0	3	34	20
TCC	C	T	0	7.6664e-09	1	3	1	3	7	5
TCC	C	T	0	7.6664e-09	1	3	2	3	3	0
TCC	C	T	0	7.6664e-09	1	4	0	3	1	0
TCC	C	T	0	7.6664e-09	2	3	0	3	15	8
TCC	C	T	0	7.6664e-09	2	3	1	3	1	0
TCC	C	T	0	7.6664e-09	3	3	0	3	7	4
TCC	C	T	0	7.6664e-09	4	3	0	3	1	1
TCC	C	T	0	7.6664e-09	5	3	0	3	1	0
TCC	C	T	0	7.6664e-09	NA	NA	NA	NA	47885	26100
TCG	C	A	0	5.1503e-09	0	3	0	3	2	2
TCG	C	A	0	5.1503e-09	0	3	0	4	2	0
TCG	C	A	0	5.1503e-09	0	3	1	3	4	4
TCG	C	A	0	5.1503e-09	0	3	2	3	1	1
TCG	C	A	0	5.1503e-09	0	3	2	6	1	0
TCG	C	A	0	5.1503e-09	0	3	3	3	2	1
TCG	C	A	0	5.1503e-09	0	3	4	3	1	0
TCG	C	A	0	5.1503e-09	0	3	6	5	1	1
TCG	C	A	0	5.1503e-09	0	4	0	3	1	0
TCG	C	A	0	5.1503e-09	0	6	0	3	1	0
TCG	C	A	0	5.1503e-09	1	3	0	3	1	0
TCG	C	A	0	5.1503e-09	1	3	5	3	1	1
TCG	C	A	0	5.1503e-09	1	4	0	3	1	1
TCG	C	A	0	5.1503e-09	2	3	0	3	2	2
TCG	C	A	0	5.1503e-09	3	3	0	3	1	0
TCG	C	A	0	5.1503e-09	4	3	0	3	4	2
TCG	C	A	0	5.1503e-09	NA	NA	NA	NA	5088	2839
TCG	C	G	0	5.5213e-09	0	3	0	3	3	1
TCG	C	G	0	5.5213e-09	0	3	0	4	1	1
TCG	C	G	0	5.5213e-09	0	3	0	6	1	1
TCG	C	G	0	5.5213e-09	0	3	1	3	5	3
TCG	C	G	0	5.5213e-09	0	3	2	3	2	2
TCG	C	G	0	5.5213e-09	0	3	3	3	2	2
TCG	C	G	0	5.5213e-09	0	4	0	3	2	2
TCG	C	G	0	5.5213e-09	1	3	0	3	3	2
TCG	C	G	0	5.5213e-09	1	3	3	3	1	1
TCG	C	G	0	5.5213e-09	4	3	0	3	1	1
TCG	C	G	0	5.5213e-09	NA	NA	NA	NA	5311	2846
TCG	C	T	0	1.9329e-08	0	3	1	3	1	1
TCG	C	T	0	1.9329e-08	NA	NA	NA	NA	973	401
TCG	C	T	1	7.2389e-08	0	3	1	3	1	0
TCG	C	T	1	7.2389e-08	1	3	0	3	1	1
TCG	C	T	1	7.2389e-08	2	3	0	3	1	1
TCG	C	T	1	7.2389e-08	NA	NA	NA	NA	3581	1218
TCG	C	T	2	1.0005e-07	0	3	0	3	12	5
TCG	C	T	2	1.0005e-07	0	3	0	4	11	7
TCG	C	T	2	1.0005e-07	0	3	0	5	2	1
TCG	C	T	2	1.0005e-07	0	3	0	6	2	1
TCG	C	T	2	1.0005e-07	0	3	1	3	13	6
TCG	C	T	2	1.0005e-07	0	3	2	3	7	4
TCG	C	T	2	1.0005e-07	0	3	3	3	1	1
TCG	C	T	2	1.0005e-07	0	3	3	4	1	1
TCG	C	T	2	1.0005e-07	0	3	4	3	1	0
TCG	C	T	2	1.0005e-07	0	4	0	3	12	8
TCG	C	T	2	1.0005e-07	0	5	0	3	4	2
TCG	C	T	2	1.0005e-07	0	6	0	3	2	1
TCG	C	T	2	1.0005e-07	0	8	0	3	1	1
TCG	C	T	2	1.0005e-07	1	3	0	3	24	15
TCG	C	T	2	1.0005e-07	1	3	0	4	2	1
TCG	C	T	2	1.0005e-07	1	3	1	3	3	2
TCG	C	T	2	1.0005e-07	1	3	2	3	1	1
TCG	C	T	2	1.0005e-07	1	6	0	3	1	1
TCG	C	T	2	1.0005e-07	2	3	0	3	14	4
TCG	C	T	2	1.0005e-07	3	3	0	3	4	2
TCG	C	T	2	1.0005e-07	4	3	0	3	5	1
TCG	C	T	2	1.0005e-07	5	3	0	3	1	1
TCG	C	T	2	1.0005e-07	6	3	0	3	1	0
TCG	C	T	2	1.0005e-07	NA	NA	NA	NA	64112	25019
TCT	C	A	0	2.6557e-09	0	3	0	3	3	1
TCT	C	A	0	2.6557e-09	0	3	0	4	1	0
TCT	C	A	0	2.6557e-09	0	3	0	5	1	0
TCT	C	A	0	2.6557e-09	0	3	0	6	1	0
TCT	C	A	0	2.6557e-09	0	3	1	3	3	3
TCT	C	A	0	2.6557e-09	0	3	2	3	3	2
TCT	C	A	0	2.6557e-09	0	3	3	3	3	1
TCT	C	A	0	2.6557e-09	0	3	5	3	1	1
TCT	C	A	0	2.6557e-09	0	3	6	3	1	1
TCT	C	A	0	2.6557e-09	0	4	0	3	4	3
TCT	C	A	0	2.6557e-09	0	6	0	3	1	1
TCT	C	A	0	2.6557e-09	1	3	0	3	5	4
TCT	C	A	0	2.6557e-09	1	3	0	4	1	1
TCT	C	A	0	2.6557e-09	1	3	1	3	1	1
TCT	C	A	0	2.6557e-09	1	3	5	3	1	1
TCT	C	A	0	2.6557e-09	1	9	0	3	1	1
TCT	C	A	0	2.6557e-09	2	3	0	3	5	3
TCT	C	A	0	2.6557e-09	3	3	0	3	1	0
TCT	C	A	0	2.6557e-09	4	3	0	3	1	1
TCT	C	A	0	2.6557e-09	5	4	0	3	1	1
TCT	C	A	0	2.6557e-09	9	9	0	3	1	1
TCT	C	A	0	2.6557e-09	NA	NA	NA	NA	25088	13998
TCT	C	G	0	3.5919e-09	0	3	0	3	2	2
TCT	C	G	0	3.5919e-09	0	3	0	4	1	0
TCT	C	G	0	3.5919e-09	0	3	0	8	1	0
TCT	C	G	0	3.5919e-09	0	3	1	3	13	6
TCT	C	G	0	3.5919e-09	0	3	2	3	6	3
TCT	C	G	0	3.5919e-09	0	3	3	3	1	0
TCT	C	G	0	3.5919e-09	0	3	5	3	1	0
TCT	C	G	0	3.5919e-09	0	4	0	3	1	1
TCT	C	G	0	3.5919e-09	0	6	0	3	1	1
TCT	C	G	0	3.5919e-09	1	3	0	3	6	3
TCT	C	G	0	3.5919e-09	1	3	1	3	1	1
TCT	C	G	0	3.5919e-09	1	3	4	3	1	1
TCT	C	G	0	3.5919e-09	1	4	0	3	2	2
TCT	C	G	0	3.5919e-09	2	3	0	3	8	5
TCT	C	G	0	3.5919e-09	2	3	2	3	1	1
TCT	C	G	0	3.5919e-09	2	8	0	3	1	1
TCT	C	G	0	3.5919e-09	3	3	0	3	7	6
TCT	C	G	0	3.5919e-09	3	3	1	3	1	1
TCT	C	G	0	3.5919e-09	3	9	0	3	1	1
TCT	C	G	0	3.5919e-09	4	3	0	3	1	1
TCT	C	G	0	3.5919e-09	5	3	0	3	2	1
TCT	C	G	0	3.5919e-09	6	3	0	3	1	0
TCT	C	G	0	3.5919e-09	9	9	0	3	2	2
TCT	C	G	0	3.5919e-09	NA	NA	NA	NA	31400	17811
TCT	C	T	0	5.5597e-09	0	3	0	3	5	2
TCT	C	T	0	5.5597e-09	0	3	0	4	3	3
TCT	C	T	0	5.5597e-09	0	3	0	6	1	0
TCT	C	T	0	5.5597e-09	0	3	1	3	9	3
TCT	C	T	0	5.5597e-09	0	3	1	4	1	1
TCT	C	T	0	5.5597e-09	0	3	2	3	2	2
TCT	C	T	0	5.5597e-09	0	3	2	4	1	0
TCT	C	T	0	5.5597e-09	0	3	4	3	1	0
TCT	C	T	0	5.5597e-09	0	4	0	3	2	1
TCT	C	T	0	5.5597e-09	0	8	0	3	1	1
TCT	C	T	0	5.5597e-09	1	3	0	3	16	13
TCT	C	T	0	5.5597e-09	1	4	0	3	1	1
TCT	C	T	0	5.5597e-09	1	8	0	3	3	2
TCT	C	T	0	5.5597e-09	2	3	0	3	16	8
TCT	C	T	0	5.5597e-09	2	9	0	3	2	1
TCT	C	T	0	5.5597e-09	3	3	0	3	8	5
TCT	C	T	0	5.5597e-09	3	4	0	3	1	1
TCT	C	T	0	5.5597e-09	4	3	0	3	3	3
TCT	C	T	0	5.5597e-09	4	3	2	3	1	1
TCT	C	T	0	5.5597e-09	4	8	0	3	1	1
TCT	C	T	0	5.5597e-09	4	9	0	3	1	1
TCT	C	T	0	5.5597e-09	5	3	0	3	1	1
TCT	C	T	0	5.5597e-09	5	8	0	3	1	1
TCT	C	T	0	5.5597e-09	6	3	0	3	1	0
TCT	C	T	0	5.5597e-09	9	9	0	3	2	2
TCT	C	T	0	5.5597e-09	NA	NA	NA	NA	50813	28073
